feature_key,family_key,result_shape_id,required_targets,precedence_rank,native,firebird,postgresql,mysql,cassandra,mongodb,neo4j,redis,milvus
F_ADMIN_ANALYZE,FG_ADMIN,RS_COMMAND_STATUS,mysql;native;postgresql,7001,IMPLEMENT,REJECT:UNSUPPORTED_IN_DIALECT,IMPLEMENT,IMPLEMENT,REJECT:UNSUPPORTED_IN_DIALECT,REJECT:UNSUPPORTED_IN_DIALECT,REJECT:UNSUPPORTED_IN_DIALECT,REJECT:UNSUPPORTED_IN_DIALECT,REJECT:UNSUPPORTED_IN_DIALECT
F_ADMIN_BACKUP,FG_ADMIN,RS_JOB_STATUS,firebird;native,7002,IMPLEMENT,IMPLEMENT,REJECT:UNSUPPORTED_IN_DIALECT,REJECT:UNSUPPORTED_IN_DIALECT,REJECT:UNSUPPORTED_IN_DIALECT,REJECT:UNSUPPORTED_IN_DIALECT,REJECT:UNSUPPORTED_IN_DIALECT,REJECT:UNSUPPORTED_IN_DIALECT,REJECT:UNSUPPORTED_IN_DIALECT
F_ADMIN_RESTORE,FG_ADMIN,RS_JOB_STATUS,firebird;native,7003,IMPLEMENT,IMPLEMENT,REJECT:UNSUPPORTED_IN_DIALECT,REJECT:UNSUPPORTED_IN_DIALECT,REJECT:UNSUPPORTED_IN_DIALECT,REJECT:UNSUPPORTED_IN_DIALECT,REJECT:UNSUPPORTED_IN_DIALECT,REJECT:UNSUPPORTED_IN_DIALECT,REJECT:UNSUPPORTED_IN_DIALECT
F_ADMIN_SWEEP,FG_ADMIN,RS_COMMAND_STATUS,firebird;native,7004,IMPLEMENT,IMPLEMENT,REJECT:UNSUPPORTED_IN_DIALECT,REJECT:UNSUPPORTED_IN_DIALECT,REJECT:UNSUPPORTED_IN_DIALECT,REJECT:UNSUPPORTED_IN_DIALECT,REJECT:UNSUPPORTED_IN_DIALECT,REJECT:UNSUPPORTED_IN_DIALECT,REJECT:UNSUPPORTED_IN_DIALECT
F_ADMIN_VACUUM_ALIAS,FG_ADMIN,RS_COMMAND_STATUS,postgresql,7005,IMPLEMENT,REJECT:UNSUPPORTED_IN_DIALECT,REMAP:TR_RESOLVE_DIALECT_ALIASES,REJECT:UNSUPPORTED_IN_DIALECT,REJECT:UNSUPPORTED_IN_DIALECT,REJECT:UNSUPPORTED_IN_DIALECT,REJECT:UNSUPPORTED_IN_DIALECT,REJECT:UNSUPPORTED_IN_DIALECT,REJECT:UNSUPPORTED_IN_DIALECT
F_ADMIN_VALIDATE,FG_ADMIN,RS_DIAGNOSTIC_REPORT,firebird;mysql;native;postgresql,7006,IMPLEMENT,IMPLEMENT,IMPLEMENT,IMPLEMENT,REJECT:UNSUPPORTED_IN_DIALECT,REJECT:UNSUPPORTED_IN_DIALECT,REJECT:UNSUPPORTED_IN_DIALECT,REJECT:UNSUPPORTED_IN_DIALECT,REJECT:UNSUPPORTED_IN_DIALECT
F_ALERT_ACK,FG_CLUSTER_CONTROL,RS_COMMAND_STATUS,native,15001,IMPLEMENT,REJECT:UNSUPPORTED_IN_DIALECT,REJECT:UNSUPPORTED_IN_DIALECT,REJECT:UNSUPPORTED_IN_DIALECT,REJECT:UNSUPPORTED_IN_DIALECT,REJECT:UNSUPPORTED_IN_DIALECT,REJECT:UNSUPPORTED_IN_DIALECT,REJECT:UNSUPPORTED_IN_DIALECT,REJECT:UNSUPPORTED_IN_DIALECT
F_ALERT_ROUTE_DDL,FG_CLUSTER_CONTROL,RS_COMMAND_STATUS,native,15002,IMPLEMENT,REJECT:UNSUPPORTED_IN_DIALECT,REJECT:UNSUPPORTED_IN_DIALECT,REJECT:UNSUPPORTED_IN_DIALECT,REJECT:UNSUPPORTED_IN_DIALECT,REJECT:UNSUPPORTED_IN_DIALECT,REJECT:UNSUPPORTED_IN_DIALECT,REJECT:UNSUPPORTED_IN_DIALECT,REJECT:UNSUPPORTED_IN_DIALECT
F_ALERT_RULE_DDL,FG_CLUSTER_CONTROL,RS_COMMAND_STATUS,native,15003,IMPLEMENT,REJECT:UNSUPPORTED_IN_DIALECT,REJECT:UNSUPPORTED_IN_DIALECT,REJECT:UNSUPPORTED_IN_DIALECT,REJECT:UNSUPPORTED_IN_DIALECT,REJECT:UNSUPPORTED_IN_DIALECT,REJECT:UNSUPPORTED_IN_DIALECT,REJECT:UNSUPPORTED_IN_DIALECT,REJECT:UNSUPPORTED_IN_DIALECT
F_ALERT_SHOW,FG_CLUSTER_CONTROL,RS_ROWSET,native,15004,IMPLEMENT,REJECT:UNSUPPORTED_IN_DIALECT,REJECT:UNSUPPORTED_IN_DIALECT,REJECT:UNSUPPORTED_IN_DIALECT,REJECT:UNSUPPORTED_IN_DIALECT,REJECT:UNSUPPORTED_IN_DIALECT,REJECT:UNSUPPORTED_IN_DIALECT,REJECT:UNSUPPORTED_IN_DIALECT,REJECT:UNSUPPORTED_IN_DIALECT
F_ALERT_SILENCE_DDL,FG_CLUSTER_CONTROL,RS_COMMAND_STATUS,native,15005,IMPLEMENT,REJECT:UNSUPPORTED_IN_DIALECT,REJECT:UNSUPPORTED_IN_DIALECT,REJECT:UNSUPPORTED_IN_DIALECT,REJECT:UNSUPPORTED_IN_DIALECT,REJECT:UNSUPPORTED_IN_DIALECT,REJECT:UNSUPPORTED_IN_DIALECT,REJECT:UNSUPPORTED_IN_DIALECT,REJECT:UNSUPPORTED_IN_DIALECT
F_ALERT_TARGET_DDL,FG_CLUSTER_CONTROL,RS_COMMAND_STATUS,native,15006,IMPLEMENT,REJECT:UNSUPPORTED_IN_DIALECT,REJECT:UNSUPPORTED_IN_DIALECT,REJECT:UNSUPPORTED_IN_DIALECT,REJECT:UNSUPPORTED_IN_DIALECT,REJECT:UNSUPPORTED_IN_DIALECT,REJECT:UNSUPPORTED_IN_DIALECT,REJECT:UNSUPPORTED_IN_DIALECT,REJECT:UNSUPPORTED_IN_DIALECT
F_CLUSTER_ADMISSION_BINDING,FG_CLUSTER_CONTROL,RS_COMMAND_STATUS,native,15007,IMPLEMENT,REJECT:UNSUPPORTED_IN_DIALECT,REJECT:UNSUPPORTED_IN_DIALECT,REJECT:UNSUPPORTED_IN_DIALECT,REJECT:UNSUPPORTED_IN_DIALECT,REJECT:UNSUPPORTED_IN_DIALECT,REJECT:UNSUPPORTED_IN_DIALECT,REJECT:UNSUPPORTED_IN_DIALECT,REJECT:UNSUPPORTED_IN_DIALECT
F_CLUSTER_ADMISSION_POLICY,FG_CLUSTER_CONTROL,RS_COMMAND_STATUS,native,15008,IMPLEMENT,REJECT:UNSUPPORTED_IN_DIALECT,REJECT:UNSUPPORTED_IN_DIALECT,REJECT:UNSUPPORTED_IN_DIALECT,REJECT:UNSUPPORTED_IN_DIALECT,REJECT:UNSUPPORTED_IN_DIALECT,REJECT:UNSUPPORTED_IN_DIALECT,REJECT:UNSUPPORTED_IN_DIALECT,REJECT:UNSUPPORTED_IN_DIALECT
F_CLUSTER_FABRIC_LINK_DDL,FG_CLUSTER_CONTROL,RS_COMMAND_STATUS,native,15027,IMPLEMENT,REJECT:UNSUPPORTED_IN_DIALECT,REJECT:UNSUPPORTED_IN_DIALECT,REJECT:UNSUPPORTED_IN_DIALECT,REJECT:UNSUPPORTED_IN_DIALECT,REJECT:UNSUPPORTED_IN_DIALECT,REJECT:UNSUPPORTED_IN_DIALECT,REJECT:UNSUPPORTED_IN_DIALECT,REJECT:UNSUPPORTED_IN_DIALECT
F_CLUSTER_FABRIC_LINK_POLICY,FG_CLUSTER_CONTROL,RS_COMMAND_STATUS,native,15028,IMPLEMENT,REJECT:UNSUPPORTED_IN_DIALECT,REJECT:UNSUPPORTED_IN_DIALECT,REJECT:UNSUPPORTED_IN_DIALECT,REJECT:UNSUPPORTED_IN_DIALECT,REJECT:UNSUPPORTED_IN_DIALECT,REJECT:UNSUPPORTED_IN_DIALECT,REJECT:UNSUPPORTED_IN_DIALECT,REJECT:UNSUPPORTED_IN_DIALECT
F_CLUSTER_FABRIC_LINK_STATE,FG_CLUSTER_CONTROL,RS_COMMAND_STATUS,native,15029,IMPLEMENT,REJECT:UNSUPPORTED_IN_DIALECT,REJECT:UNSUPPORTED_IN_DIALECT,REJECT:UNSUPPORTED_IN_DIALECT,REJECT:UNSUPPORTED_IN_DIALECT,REJECT:UNSUPPORTED_IN_DIALECT,REJECT:UNSUPPORTED_IN_DIALECT,REJECT:UNSUPPORTED_IN_DIALECT,REJECT:UNSUPPORTED_IN_DIALECT
F_CLUSTER_FABRIC_SESSION_CLOSE,FG_CLUSTER_CONTROL,RS_COMMAND_STATUS,native,15030,IMPLEMENT,REJECT:UNSUPPORTED_IN_DIALECT,REJECT:UNSUPPORTED_IN_DIALECT,REJECT:UNSUPPORTED_IN_DIALECT,REJECT:UNSUPPORTED_IN_DIALECT,REJECT:UNSUPPORTED_IN_DIALECT,REJECT:UNSUPPORTED_IN_DIALECT,REJECT:UNSUPPORTED_IN_DIALECT,REJECT:UNSUPPORTED_IN_DIALECT
F_CLUSTER_FABRIC_SESSION_OPEN,FG_CLUSTER_CONTROL,RS_COMMAND_STATUS,native,15031,IMPLEMENT,REJECT:UNSUPPORTED_IN_DIALECT,REJECT:UNSUPPORTED_IN_DIALECT,REJECT:UNSUPPORTED_IN_DIALECT,REJECT:UNSUPPORTED_IN_DIALECT,REJECT:UNSUPPORTED_IN_DIALECT,REJECT:UNSUPPORTED_IN_DIALECT,REJECT:UNSUPPORTED_IN_DIALECT,REJECT:UNSUPPORTED_IN_DIALECT
F_CLUSTER_FABRIC_SHOW_SESSIONS,FG_CLUSTER_CONTROL,RS_ROWSET,native,15032,IMPLEMENT,REJECT:UNSUPPORTED_IN_DIALECT,REJECT:UNSUPPORTED_IN_DIALECT,REJECT:UNSUPPORTED_IN_DIALECT,REJECT:UNSUPPORTED_IN_DIALECT,REJECT:UNSUPPORTED_IN_DIALECT,REJECT:UNSUPPORTED_IN_DIALECT,REJECT:UNSUPPORTED_IN_DIALECT,REJECT:UNSUPPORTED_IN_DIALECT
F_CLUSTER_FABRIC_SHOW_STATUS,FG_CLUSTER_CONTROL,RS_ROWSET,native,15033,IMPLEMENT,REJECT:UNSUPPORTED_IN_DIALECT,REJECT:UNSUPPORTED_IN_DIALECT,REJECT:UNSUPPORTED_IN_DIALECT,REJECT:UNSUPPORTED_IN_DIALECT,REJECT:UNSUPPORTED_IN_DIALECT,REJECT:UNSUPPORTED_IN_DIALECT,REJECT:UNSUPPORTED_IN_DIALECT,REJECT:UNSUPPORTED_IN_DIALECT
F_CLUSTER_FABRIC_SHOW_TASKS,FG_CLUSTER_CONTROL,RS_ROWSET,native,15034,IMPLEMENT,REJECT:UNSUPPORTED_IN_DIALECT,REJECT:UNSUPPORTED_IN_DIALECT,REJECT:UNSUPPORTED_IN_DIALECT,REJECT:UNSUPPORTED_IN_DIALECT,REJECT:UNSUPPORTED_IN_DIALECT,REJECT:UNSUPPORTED_IN_DIALECT,REJECT:UNSUPPORTED_IN_DIALECT,REJECT:UNSUPPORTED_IN_DIALECT
F_CLUSTER_FABRIC_TASK_CANCEL,FG_CLUSTER_CONTROL,RS_COMMAND_STATUS,native,15035,IMPLEMENT,REJECT:UNSUPPORTED_IN_DIALECT,REJECT:UNSUPPORTED_IN_DIALECT,REJECT:UNSUPPORTED_IN_DIALECT,REJECT:UNSUPPORTED_IN_DIALECT,REJECT:UNSUPPORTED_IN_DIALECT,REJECT:UNSUPPORTED_IN_DIALECT,REJECT:UNSUPPORTED_IN_DIALECT,REJECT:UNSUPPORTED_IN_DIALECT
F_CLUSTER_FABRIC_TASK_SUBMIT,FG_CLUSTER_CONTROL,RS_COMMAND_STATUS,native,15036,IMPLEMENT,REJECT:UNSUPPORTED_IN_DIALECT,REJECT:UNSUPPORTED_IN_DIALECT,REJECT:UNSUPPORTED_IN_DIALECT,REJECT:UNSUPPORTED_IN_DIALECT,REJECT:UNSUPPORTED_IN_DIALECT,REJECT:UNSUPPORTED_IN_DIALECT,REJECT:UNSUPPORTED_IN_DIALECT,REJECT:UNSUPPORTED_IN_DIALECT
F_CLUSTER_SET_STATE,FG_CLUSTER_CONTROL,RS_COMMAND_STATUS,native,15009,IMPLEMENT,REJECT:UNSUPPORTED_IN_DIALECT,REJECT:UNSUPPORTED_IN_DIALECT,REJECT:UNSUPPORTED_IN_DIALECT,REJECT:UNSUPPORTED_IN_DIALECT,REJECT:UNSUPPORTED_IN_DIALECT,REJECT:UNSUPPORTED_IN_DIALECT,REJECT:UNSUPPORTED_IN_DIALECT,REJECT:UNSUPPORTED_IN_DIALECT
F_CLUSTER_SHOW_ADMISSION_STATUS,FG_CLUSTER_CONTROL,RS_ROWSET,native,15010,IMPLEMENT,REJECT:UNSUPPORTED_IN_DIALECT,REJECT:UNSUPPORTED_IN_DIALECT,REJECT:UNSUPPORTED_IN_DIALECT,REJECT:UNSUPPORTED_IN_DIALECT,REJECT:UNSUPPORTED_IN_DIALECT,REJECT:UNSUPPORTED_IN_DIALECT,REJECT:UNSUPPORTED_IN_DIALECT,REJECT:UNSUPPORTED_IN_DIALECT
F_CLUSTER_SHOW_ROUTING_PLAN,FG_CLUSTER_CONTROL,RS_ROWSET,native,15011,IMPLEMENT,REJECT:UNSUPPORTED_IN_DIALECT,REJECT:UNSUPPORTED_IN_DIALECT,REJECT:UNSUPPORTED_IN_DIALECT,REJECT:UNSUPPORTED_IN_DIALECT,REJECT:UNSUPPORTED_IN_DIALECT,REJECT:UNSUPPORTED_IN_DIALECT,REJECT:UNSUPPORTED_IN_DIALECT,REJECT:UNSUPPORTED_IN_DIALECT
F_CLUSTER_SHOW_STATE,FG_CLUSTER_CONTROL,RS_ROWSET,native,15012,IMPLEMENT,REJECT:UNSUPPORTED_IN_DIALECT,REJECT:UNSUPPORTED_IN_DIALECT,REJECT:UNSUPPORTED_IN_DIALECT,REJECT:UNSUPPORTED_IN_DIALECT,REJECT:UNSUPPORTED_IN_DIALECT,REJECT:UNSUPPORTED_IN_DIALECT,REJECT:UNSUPPORTED_IN_DIALECT,REJECT:UNSUPPORTED_IN_DIALECT
F_CLUSTER_WORKLOAD_CLASS,FG_CLUSTER_CONTROL,RS_COMMAND_STATUS,native,15013,IMPLEMENT,REJECT:UNSUPPORTED_IN_DIALECT,REJECT:UNSUPPORTED_IN_DIALECT,REJECT:UNSUPPORTED_IN_DIALECT,REJECT:UNSUPPORTED_IN_DIALECT,REJECT:UNSUPPORTED_IN_DIALECT,REJECT:UNSUPPORTED_IN_DIALECT,REJECT:UNSUPPORTED_IN_DIALECT,REJECT:UNSUPPORTED_IN_DIALECT
F_CLUSTER_WORKLOAD_ROUTE,FG_CLUSTER_CONTROL,RS_COMMAND_STATUS,native,15014,IMPLEMENT,REJECT:UNSUPPORTED_IN_DIALECT,REJECT:UNSUPPORTED_IN_DIALECT,REJECT:UNSUPPORTED_IN_DIALECT,REJECT:UNSUPPORTED_IN_DIALECT,REJECT:UNSUPPORTED_IN_DIALECT,REJECT:UNSUPPORTED_IN_DIALECT,REJECT:UNSUPPORTED_IN_DIALECT,REJECT:UNSUPPORTED_IN_DIALECT
F_CONFIG_HISTORY,FG_SESSION,RS_ROWSET,native,2001,IMPLEMENT,REJECT:UNSUPPORTED_IN_DIALECT,REJECT:UNSUPPORTED_IN_DIALECT,REJECT:UNSUPPORTED_IN_DIALECT,REJECT:UNSUPPORTED_IN_DIALECT,REJECT:UNSUPPORTED_IN_DIALECT,REJECT:UNSUPPORTED_IN_DIALECT,REJECT:UNSUPPORTED_IN_DIALECT,REJECT:UNSUPPORTED_IN_DIALECT
F_CONFIG_RELOAD,FG_SESSION,RS_COMMAND_STATUS,native,2002,IMPLEMENT,REJECT:UNSUPPORTED_IN_DIALECT,REJECT:UNSUPPORTED_IN_DIALECT,REJECT:UNSUPPORTED_IN_DIALECT,REJECT:UNSUPPORTED_IN_DIALECT,REJECT:UNSUPPORTED_IN_DIALECT,REJECT:UNSUPPORTED_IN_DIALECT,REJECT:UNSUPPORTED_IN_DIALECT,REJECT:UNSUPPORTED_IN_DIALECT
F_CONFIG_RESET,FG_SESSION,RS_COMMAND_STATUS,native,2003,IMPLEMENT,REJECT:UNSUPPORTED_IN_DIALECT,REJECT:UNSUPPORTED_IN_DIALECT,REJECT:UNSUPPORTED_IN_DIALECT,REJECT:UNSUPPORTED_IN_DIALECT,REJECT:UNSUPPORTED_IN_DIALECT,REJECT:UNSUPPORTED_IN_DIALECT,REJECT:UNSUPPORTED_IN_DIALECT,REJECT:UNSUPPORTED_IN_DIALECT
F_CONFIG_SET,FG_SESSION,RS_COMMAND_STATUS,native,2004,IMPLEMENT,REJECT:UNSUPPORTED_IN_DIALECT,REJECT:UNSUPPORTED_IN_DIALECT,REJECT:UNSUPPORTED_IN_DIALECT,REJECT:UNSUPPORTED_IN_DIALECT,REJECT:UNSUPPORTED_IN_DIALECT,REJECT:UNSUPPORTED_IN_DIALECT,REJECT:UNSUPPORTED_IN_DIALECT,REJECT:UNSUPPORTED_IN_DIALECT
F_CONFIG_SHOW,FG_SESSION,RS_KEY_VALUE_SET,native,2005,IMPLEMENT,REJECT:UNSUPPORTED_IN_DIALECT,REJECT:UNSUPPORTED_IN_DIALECT,REJECT:UNSUPPORTED_IN_DIALECT,REJECT:UNSUPPORTED_IN_DIALECT,REJECT:UNSUPPORTED_IN_DIALECT,REJECT:UNSUPPORTED_IN_DIALECT,REJECT:UNSUPPORTED_IN_DIALECT,REJECT:UNSUPPORTED_IN_DIALECT
F_CONFIG_RESOURCE_BUNDLES_SHOW,FG_SESSION,RS_ROWSET,native,2006,IMPLEMENT,REJECT:UNSUPPORTED_IN_DIALECT,REJECT:UNSUPPORTED_IN_DIALECT,REJECT:UNSUPPORTED_IN_DIALECT,REJECT:UNSUPPORTED_IN_DIALECT,REJECT:UNSUPPORTED_IN_DIALECT,REJECT:UNSUPPORTED_IN_DIALECT,REJECT:UNSUPPORTED_IN_DIALECT,REJECT:UNSUPPORTED_IN_DIALECT
F_CONFIG_RESOURCE_BUNDLE_VALIDATE,FG_SESSION,RS_DIAGNOSTIC_REPORT,native,2007,IMPLEMENT,REJECT:UNSUPPORTED_IN_DIALECT,REJECT:UNSUPPORTED_IN_DIALECT,REJECT:UNSUPPORTED_IN_DIALECT,REJECT:UNSUPPORTED_IN_DIALECT,REJECT:UNSUPPORTED_IN_DIALECT,REJECT:UNSUPPORTED_IN_DIALECT,REJECT:UNSUPPORTED_IN_DIALECT,REJECT:UNSUPPORTED_IN_DIALECT
F_CONFIG_RESOURCE_BUNDLE_ACTIVATE,FG_SESSION,RS_COMMAND_STATUS,native,2008,IMPLEMENT,REJECT:UNSUPPORTED_IN_DIALECT,REJECT:UNSUPPORTED_IN_DIALECT,REJECT:UNSUPPORTED_IN_DIALECT,REJECT:UNSUPPORTED_IN_DIALECT,REJECT:UNSUPPORTED_IN_DIALECT,REJECT:UNSUPPORTED_IN_DIALECT,REJECT:UNSUPPORTED_IN_DIALECT,REJECT:UNSUPPORTED_IN_DIALECT
F_CQL_BATCH,FG_CQL,RS_MUTATION_SUMMARY,cassandra,9001,IMPLEMENT,REJECT:UNSUPPORTED_IN_DIALECT,REJECT:UNSUPPORTED_IN_DIALECT,REJECT:UNSUPPORTED_IN_DIALECT,IMPLEMENT,REJECT:UNSUPPORTED_IN_DIALECT,REJECT:UNSUPPORTED_IN_DIALECT,REJECT:UNSUPPORTED_IN_DIALECT,REJECT:UNSUPPORTED_IN_DIALECT
F_CQL_KEYSPACE,FG_CQL,RS_COMMAND_STATUS,cassandra,9002,IMPLEMENT,REJECT:UNSUPPORTED_IN_DIALECT,REJECT:UNSUPPORTED_IN_DIALECT,REJECT:UNSUPPORTED_IN_DIALECT,IMPLEMENT,REJECT:UNSUPPORTED_IN_DIALECT,REJECT:UNSUPPORTED_IN_DIALECT,REJECT:UNSUPPORTED_IN_DIALECT,REJECT:UNSUPPORTED_IN_DIALECT
F_CQL_TTL,FG_CQL,RS_COMMAND_STATUS,cassandra;mongodb;redis,9003,IMPLEMENT,REJECT:UNSUPPORTED_IN_DIALECT,REJECT:UNSUPPORTED_IN_DIALECT,REJECT:UNSUPPORTED_IN_DIALECT,IMPLEMENT,IMPLEMENT,REJECT:UNSUPPORTED_IN_DIALECT,IMPLEMENT,REJECT:UNSUPPORTED_IN_DIALECT
F_CQL_WRITETIME,FG_CQL,RS_ROWSET,cassandra,9004,IMPLEMENT,REJECT:UNSUPPORTED_IN_DIALECT,REJECT:UNSUPPORTED_IN_DIALECT,REJECT:UNSUPPORTED_IN_DIALECT,IMPLEMENT,REJECT:UNSUPPORTED_IN_DIALECT,REJECT:UNSUPPORTED_IN_DIALECT,REJECT:UNSUPPORTED_IN_DIALECT,REJECT:UNSUPPORTED_IN_DIALECT
F_CUBE_DDL,FG_CLUSTER_CONTROL,RS_COMMAND_STATUS,native,15015,IMPLEMENT,REJECT:UNSUPPORTED_IN_DIALECT,REJECT:UNSUPPORTED_IN_DIALECT,REJECT:UNSUPPORTED_IN_DIALECT,REJECT:UNSUPPORTED_IN_DIALECT,REJECT:UNSUPPORTED_IN_DIALECT,REJECT:UNSUPPORTED_IN_DIALECT,REJECT:UNSUPPORTED_IN_DIALECT,REJECT:UNSUPPORTED_IN_DIALECT
F_CUBE_REFRESH,FG_CLUSTER_CONTROL,RS_JOB_STATUS,native,15016,IMPLEMENT,REJECT:UNSUPPORTED_IN_DIALECT,REJECT:UNSUPPORTED_IN_DIALECT,REJECT:UNSUPPORTED_IN_DIALECT,REJECT:UNSUPPORTED_IN_DIALECT,REJECT:UNSUPPORTED_IN_DIALECT,REJECT:UNSUPPORTED_IN_DIALECT,REJECT:UNSUPPORTED_IN_DIALECT,REJECT:UNSUPPORTED_IN_DIALECT
F_CUBE_SHOW_STATS,FG_CLUSTER_CONTROL,RS_ROWSET,native,15017,IMPLEMENT,REJECT:UNSUPPORTED_IN_DIALECT,REJECT:UNSUPPORTED_IN_DIALECT,REJECT:UNSUPPORTED_IN_DIALECT,REJECT:UNSUPPORTED_IN_DIALECT,REJECT:UNSUPPORTED_IN_DIALECT,REJECT:UNSUPPORTED_IN_DIALECT,REJECT:UNSUPPORTED_IN_DIALECT,REJECT:UNSUPPORTED_IN_DIALECT
F_CYPHER_CALL,FG_CYPHER,RS_ROWSET_OR_STATUS,neo4j,11001,IMPLEMENT,REJECT:UNSUPPORTED_IN_DIALECT,REJECT:UNSUPPORTED_IN_DIALECT,REJECT:UNSUPPORTED_IN_DIALECT,REJECT:UNSUPPORTED_IN_DIALECT,REJECT:UNSUPPORTED_IN_DIALECT,IMPLEMENT,REJECT:UNSUPPORTED_IN_DIALECT,REJECT:UNSUPPORTED_IN_DIALECT
F_CYPHER_MATCH,FG_CYPHER,RS_GRAPH_ROWSET,neo4j,11002,IMPLEMENT,REJECT:UNSUPPORTED_IN_DIALECT,REJECT:UNSUPPORTED_IN_DIALECT,REJECT:UNSUPPORTED_IN_DIALECT,REJECT:UNSUPPORTED_IN_DIALECT,REJECT:UNSUPPORTED_IN_DIALECT,IMPLEMENT,REJECT:UNSUPPORTED_IN_DIALECT,REJECT:UNSUPPORTED_IN_DIALECT
F_CYPHER_MERGE,FG_CYPHER,RS_MUTATION_SUMMARY,neo4j,11003,IMPLEMENT,REJECT:UNSUPPORTED_IN_DIALECT,REJECT:UNSUPPORTED_IN_DIALECT,REJECT:UNSUPPORTED_IN_DIALECT,REJECT:UNSUPPORTED_IN_DIALECT,REJECT:UNSUPPORTED_IN_DIALECT,IMPLEMENT,REJECT:UNSUPPORTED_IN_DIALECT,REJECT:UNSUPPORTED_IN_DIALECT
F_CYPHER_UNWIND,FG_CYPHER,RS_GRAPH_ROWSET,neo4j,11004,IMPLEMENT,REJECT:UNSUPPORTED_IN_DIALECT,REJECT:UNSUPPORTED_IN_DIALECT,REJECT:UNSUPPORTED_IN_DIALECT,REJECT:UNSUPPORTED_IN_DIALECT,REJECT:UNSUPPORTED_IN_DIALECT,IMPLEMENT,REJECT:UNSUPPORTED_IN_DIALECT,REJECT:UNSUPPORTED_IN_DIALECT
F_DDL_ALTER_DOMAIN,FG_DDL_SQL,RS_COMMAND_STATUS,firebird;native;postgresql,3001,IMPLEMENT,IMPLEMENT,IMPLEMENT,REJECT:UNSUPPORTED_IN_DIALECT,REJECT:UNSUPPORTED_IN_DIALECT,REJECT:UNSUPPORTED_IN_DIALECT,REJECT:UNSUPPORTED_IN_DIALECT,REJECT:UNSUPPORTED_IN_DIALECT,REJECT:UNSUPPORTED_IN_DIALECT
F_DDL_ALTER_INDEX,FG_DDL_SQL,RS_COMMAND_STATUS,mysql;native;postgresql,3002,IMPLEMENT,REJECT:UNSUPPORTED_IN_DIALECT,IMPLEMENT,IMPLEMENT,REJECT:UNSUPPORTED_IN_DIALECT,REJECT:UNSUPPORTED_IN_DIALECT,REJECT:UNSUPPORTED_IN_DIALECT,REJECT:UNSUPPORTED_IN_DIALECT,REJECT:UNSUPPORTED_IN_DIALECT
F_DDL_ALTER_TABLE,FG_DDL_SQL,RS_COMMAND_STATUS,cassandra;firebird;mysql;native;postgresql,3003,IMPLEMENT,IMPLEMENT,IMPLEMENT,IMPLEMENT,IMPLEMENT,REJECT:UNSUPPORTED_IN_DIALECT,REJECT:UNSUPPORTED_IN_DIALECT,REJECT:UNSUPPORTED_IN_DIALECT,REJECT:UNSUPPORTED_IN_DIALECT
F_DDL_CREATE_DATABASE_EMULATED,FG_DDL_SQL,RS_COMMAND_STATUS,cassandra;firebird;milvus;mongodb;mysql;neo4j;postgresql;redis,3004,IMPLEMENT,REMAP:TR_REWRITE_EMULATED_CREATE_DATABASE,REMAP:TR_REWRITE_EMULATED_CREATE_DATABASE,REMAP:TR_REWRITE_EMULATED_CREATE_DATABASE,REMAP:TR_REWRITE_EMULATED_CREATE_DATABASE,REMAP:TR_REWRITE_EMULATED_CREATE_DATABASE,REMAP:TR_REWRITE_EMULATED_CREATE_DATABASE,REMAP:TR_REWRITE_EMULATED_CREATE_DATABASE,REMAP:TR_REWRITE_EMULATED_CREATE_DATABASE
F_DDL_CREATE_DATABASE_NATIVE,FG_DDL_SQL,RS_COMMAND_STATUS,native,3005,IMPLEMENT,REJECT:UNSUPPORTED_IN_DIALECT,REJECT:UNSUPPORTED_IN_DIALECT,REJECT:UNSUPPORTED_IN_DIALECT,REJECT:UNSUPPORTED_IN_DIALECT,REJECT:UNSUPPORTED_IN_DIALECT,REJECT:UNSUPPORTED_IN_DIALECT,REJECT:UNSUPPORTED_IN_DIALECT,REJECT:UNSUPPORTED_IN_DIALECT
F_DDL_CREATE_DOMAIN,FG_DDL_SQL,RS_COMMAND_STATUS,firebird;native;postgresql,3006,IMPLEMENT,IMPLEMENT,IMPLEMENT,REJECT:UNSUPPORTED_IN_DIALECT,REJECT:UNSUPPORTED_IN_DIALECT,REJECT:UNSUPPORTED_IN_DIALECT,REJECT:UNSUPPORTED_IN_DIALECT,REJECT:UNSUPPORTED_IN_DIALECT,REJECT:UNSUPPORTED_IN_DIALECT
F_DDL_CREATE_DOMAIN_ENUM,FG_DDL_SQL,RS_COMMAND_STATUS,firebird;native;postgresql,3007,IMPLEMENT,IMPLEMENT,IMPLEMENT,REJECT:UNSUPPORTED_IN_DIALECT,REJECT:UNSUPPORTED_IN_DIALECT,REJECT:UNSUPPORTED_IN_DIALECT,REJECT:UNSUPPORTED_IN_DIALECT,REJECT:UNSUPPORTED_IN_DIALECT,REJECT:UNSUPPORTED_IN_DIALECT
F_DDL_CREATE_DOMAIN_RANGE,FG_DDL_SQL,RS_COMMAND_STATUS,native;postgresql,3008,IMPLEMENT,REJECT:UNSUPPORTED_IN_DIALECT,IMPLEMENT,REJECT:UNSUPPORTED_IN_DIALECT,REJECT:UNSUPPORTED_IN_DIALECT,REJECT:UNSUPPORTED_IN_DIALECT,REJECT:UNSUPPORTED_IN_DIALECT,REJECT:UNSUPPORTED_IN_DIALECT,REJECT:UNSUPPORTED_IN_DIALECT
F_DDL_CREATE_DOMAIN_RECORD,FG_DDL_SQL,RS_COMMAND_STATUS,native;postgresql,3009,IMPLEMENT,REJECT:UNSUPPORTED_IN_DIALECT,IMPLEMENT,REJECT:UNSUPPORTED_IN_DIALECT,REJECT:UNSUPPORTED_IN_DIALECT,REJECT:UNSUPPORTED_IN_DIALECT,REJECT:UNSUPPORTED_IN_DIALECT,REJECT:UNSUPPORTED_IN_DIALECT,REJECT:UNSUPPORTED_IN_DIALECT
F_DDL_CREATE_DOMAIN_SET,FG_DDL_SQL,RS_COMMAND_STATUS,native,3010,IMPLEMENT,REJECT:UNSUPPORTED_IN_DIALECT,REJECT:UNSUPPORTED_IN_DIALECT,REJECT:UNSUPPORTED_IN_DIALECT,REJECT:UNSUPPORTED_IN_DIALECT,REJECT:UNSUPPORTED_IN_DIALECT,REJECT:UNSUPPORTED_IN_DIALECT,REJECT:UNSUPPORTED_IN_DIALECT,REJECT:UNSUPPORTED_IN_DIALECT
F_DDL_CREATE_EVENT,FG_DDL_SQL,RS_COMMAND_STATUS,mysql,3011,IMPLEMENT,REJECT:UNSUPPORTED_IN_DIALECT,REJECT:UNSUPPORTED_IN_DIALECT,IMPLEMENT,REJECT:UNSUPPORTED_IN_DIALECT,REJECT:UNSUPPORTED_IN_DIALECT,REJECT:UNSUPPORTED_IN_DIALECT,REJECT:UNSUPPORTED_IN_DIALECT,REJECT:UNSUPPORTED_IN_DIALECT
F_DDL_CREATE_FUNCTION,FG_DDL_SQL,RS_COMMAND_STATUS,cassandra;firebird;mysql;native;postgresql,3012,IMPLEMENT,IMPLEMENT,IMPLEMENT,IMPLEMENT,IMPLEMENT,REJECT:UNSUPPORTED_IN_DIALECT,REJECT:UNSUPPORTED_IN_DIALECT,REJECT:UNSUPPORTED_IN_DIALECT,REJECT:UNSUPPORTED_IN_DIALECT
F_DDL_CREATE_INDEX,FG_DDL_SQL,RS_COMMAND_STATUS,cassandra;firebird;milvus;mongodb;mysql;native;neo4j;postgresql;redis,3013,IMPLEMENT,IMPLEMENT,IMPLEMENT,IMPLEMENT,IMPLEMENT,IMPLEMENT,IMPLEMENT,IMPLEMENT,IMPLEMENT
F_DDL_CREATE_MATERIALIZED_VIEW,FG_DDL_SQL,RS_COMMAND_STATUS,cassandra;postgresql,3014,IMPLEMENT,REJECT:UNSUPPORTED_IN_DIALECT,IMPLEMENT,REJECT:UNSUPPORTED_IN_DIALECT,IMPLEMENT,REJECT:UNSUPPORTED_IN_DIALECT,REJECT:UNSUPPORTED_IN_DIALECT,REJECT:UNSUPPORTED_IN_DIALECT,REJECT:UNSUPPORTED_IN_DIALECT
F_DDL_CREATE_PACKAGE,FG_DDL_SQL,RS_COMMAND_STATUS,firebird,3015,IMPLEMENT,IMPLEMENT,REJECT:UNSUPPORTED_IN_DIALECT,REJECT:UNSUPPORTED_IN_DIALECT,REJECT:UNSUPPORTED_IN_DIALECT,REJECT:UNSUPPORTED_IN_DIALECT,REJECT:UNSUPPORTED_IN_DIALECT,REJECT:UNSUPPORTED_IN_DIALECT,REJECT:UNSUPPORTED_IN_DIALECT
F_DDL_CREATE_POLICY,FG_DDL_SQL,RS_COMMAND_STATUS,native;postgresql,3016,IMPLEMENT,REJECT:UNSUPPORTED_IN_DIALECT,IMPLEMENT,REJECT:UNSUPPORTED_IN_DIALECT,REJECT:UNSUPPORTED_IN_DIALECT,REJECT:UNSUPPORTED_IN_DIALECT,REJECT:UNSUPPORTED_IN_DIALECT,REJECT:UNSUPPORTED_IN_DIALECT,REJECT:UNSUPPORTED_IN_DIALECT
F_DDL_CREATE_PROCEDURE,FG_DDL_SQL,RS_COMMAND_STATUS,firebird;mysql;native;postgresql,3017,IMPLEMENT,IMPLEMENT,IMPLEMENT,IMPLEMENT,REJECT:UNSUPPORTED_IN_DIALECT,REJECT:UNSUPPORTED_IN_DIALECT,REJECT:UNSUPPORTED_IN_DIALECT,REJECT:UNSUPPORTED_IN_DIALECT,REJECT:UNSUPPORTED_IN_DIALECT
F_DDL_CREATE_SCHEMA,FG_DDL_SQL,RS_COMMAND_STATUS,firebird;mysql;native;postgresql,3018,IMPLEMENT,IMPLEMENT,IMPLEMENT,IMPLEMENT,REJECT:UNSUPPORTED_IN_DIALECT,REJECT:UNSUPPORTED_IN_DIALECT,REJECT:UNSUPPORTED_IN_DIALECT,REJECT:UNSUPPORTED_IN_DIALECT,REJECT:UNSUPPORTED_IN_DIALECT
F_DDL_CREATE_SEQUENCE,FG_DDL_SQL,RS_COMMAND_STATUS,firebird;mysql;native;postgresql,3019,IMPLEMENT,IMPLEMENT,IMPLEMENT,IMPLEMENT,REJECT:UNSUPPORTED_IN_DIALECT,REJECT:UNSUPPORTED_IN_DIALECT,REJECT:UNSUPPORTED_IN_DIALECT,REJECT:UNSUPPORTED_IN_DIALECT,REJECT:UNSUPPORTED_IN_DIALECT
F_DDL_CREATE_TABLE,FG_DDL_SQL,RS_COMMAND_STATUS,cassandra;firebird;mysql;native;postgresql,3020,IMPLEMENT,IMPLEMENT,IMPLEMENT,IMPLEMENT,IMPLEMENT,REJECT:UNSUPPORTED_IN_DIALECT,REJECT:UNSUPPORTED_IN_DIALECT,REJECT:UNSUPPORTED_IN_DIALECT,REJECT:UNSUPPORTED_IN_DIALECT
F_DDL_CREATE_TRIGGER,FG_DDL_SQL,RS_COMMAND_STATUS,cassandra;firebird;mysql;native;postgresql,3021,IMPLEMENT,IMPLEMENT,IMPLEMENT,IMPLEMENT,IMPLEMENT,REJECT:UNSUPPORTED_IN_DIALECT,REJECT:UNSUPPORTED_IN_DIALECT,REJECT:UNSUPPORTED_IN_DIALECT,REJECT:UNSUPPORTED_IN_DIALECT
F_DDL_CREATE_TYPE,FG_DDL_SQL,RS_COMMAND_STATUS,cassandra;native;postgresql,3022,IMPLEMENT,REJECT:UNSUPPORTED_IN_DIALECT,IMPLEMENT,REJECT:UNSUPPORTED_IN_DIALECT,IMPLEMENT,REJECT:UNSUPPORTED_IN_DIALECT,REJECT:UNSUPPORTED_IN_DIALECT,REJECT:UNSUPPORTED_IN_DIALECT,REJECT:UNSUPPORTED_IN_DIALECT
F_DDL_CREATE_VIEW,FG_DDL_SQL,RS_COMMAND_STATUS,firebird;mysql;native;postgresql,3023,IMPLEMENT,IMPLEMENT,IMPLEMENT,IMPLEMENT,REJECT:UNSUPPORTED_IN_DIALECT,REJECT:UNSUPPORTED_IN_DIALECT,REJECT:UNSUPPORTED_IN_DIALECT,REJECT:UNSUPPORTED_IN_DIALECT,REJECT:UNSUPPORTED_IN_DIALECT
F_DDL_DROP_INDEX,FG_DDL_SQL,RS_COMMAND_STATUS,cassandra;firebird;milvus;mongodb;mysql;native;neo4j;postgresql;redis,3024,IMPLEMENT,IMPLEMENT,IMPLEMENT,IMPLEMENT,IMPLEMENT,IMPLEMENT,IMPLEMENT,IMPLEMENT,IMPLEMENT
F_DDL_DROP_TABLE,FG_DDL_SQL,RS_COMMAND_STATUS,cassandra;firebird;mysql;native;postgresql,3025,IMPLEMENT,IMPLEMENT,IMPLEMENT,IMPLEMENT,IMPLEMENT,REJECT:UNSUPPORTED_IN_DIALECT,REJECT:UNSUPPORTED_IN_DIALECT,REJECT:UNSUPPORTED_IN_DIALECT,REJECT:UNSUPPORTED_IN_DIALECT
F_DDL_GRANT,FG_DDL_SQL,RS_COMMAND_STATUS,cassandra;firebird;milvus;mongodb;mysql;native;neo4j;postgresql;redis,3026,IMPLEMENT,IMPLEMENT,IMPLEMENT,IMPLEMENT,IMPLEMENT,IMPLEMENT,IMPLEMENT,IMPLEMENT,IMPLEMENT
F_DDL_REFRESH_MATERIALIZED_VIEW,FG_DDL_SQL,RS_COMMAND_STATUS,postgresql,3027,IMPLEMENT,REJECT:UNSUPPORTED_IN_DIALECT,IMPLEMENT,REJECT:UNSUPPORTED_IN_DIALECT,REJECT:UNSUPPORTED_IN_DIALECT,REJECT:UNSUPPORTED_IN_DIALECT,REJECT:UNSUPPORTED_IN_DIALECT,REJECT:UNSUPPORTED_IN_DIALECT,REJECT:UNSUPPORTED_IN_DIALECT
F_DDL_REVOKE,FG_DDL_SQL,RS_COMMAND_STATUS,cassandra;firebird;milvus;mongodb;mysql;native;neo4j;postgresql;redis,3028,IMPLEMENT,IMPLEMENT,IMPLEMENT,IMPLEMENT,IMPLEMENT,IMPLEMENT,IMPLEMENT,IMPLEMENT,IMPLEMENT
F_DEALLOCATE_PREPARED,FG_PREPARED,RS_COMMAND_STATUS,mysql;native;postgresql,5001,IMPLEMENT,REJECT:UNSUPPORTED_IN_DIALECT,IMPLEMENT,IMPLEMENT,REJECT:UNSUPPORTED_IN_DIALECT,REJECT:UNSUPPORTED_IN_DIALECT,REJECT:UNSUPPORTED_IN_DIALECT,REJECT:UNSUPPORTED_IN_DIALECT,REJECT:UNSUPPORTED_IN_DIALECT
F_DML_COPY_BULK,FG_DML_SQL,RS_STREAM_STATUS,postgresql,4001,IMPLEMENT,REJECT:UNSUPPORTED_IN_DIALECT,IMPLEMENT,REJECT:UNSUPPORTED_IN_DIALECT,REJECT:UNSUPPORTED_IN_DIALECT,REJECT:UNSUPPORTED_IN_DIALECT,REJECT:UNSUPPORTED_IN_DIALECT,REJECT:UNSUPPORTED_IN_DIALECT,REJECT:UNSUPPORTED_IN_DIALECT
F_DML_DELETE,FG_DML_SQL,RS_MUTATION_SUMMARY,cassandra;firebird;mongodb;mysql;native;postgresql,4002,IMPLEMENT,IMPLEMENT,IMPLEMENT,IMPLEMENT,IMPLEMENT,IMPLEMENT,REJECT:UNSUPPORTED_IN_DIALECT,REJECT:UNSUPPORTED_IN_DIALECT,REJECT:UNSUPPORTED_IN_DIALECT
F_DML_INSERT,FG_DML_SQL,RS_MUTATION_SUMMARY,cassandra;firebird;mysql;native;postgresql,4003,IMPLEMENT,IMPLEMENT,IMPLEMENT,IMPLEMENT,IMPLEMENT,REJECT:UNSUPPORTED_IN_DIALECT,REJECT:UNSUPPORTED_IN_DIALECT,REJECT:UNSUPPORTED_IN_DIALECT,REJECT:UNSUPPORTED_IN_DIALECT
F_DML_MERGE,FG_DML_SQL,RS_MUTATION_SUMMARY,firebird;mysql;neo4j;postgresql,4004,IMPLEMENT,IMPLEMENT,IMPLEMENT,REMAP:TR_REWRITE_DIALECT_UPSERT,REJECT:UNSUPPORTED_IN_DIALECT,REJECT:UNSUPPORTED_IN_DIALECT,IMPLEMENT,REJECT:UNSUPPORTED_IN_DIALECT,REJECT:UNSUPPORTED_IN_DIALECT
F_DML_RETURNING,FG_DML_SQL,RS_ROWSET,firebird;mongodb;postgresql,4005,IMPLEMENT,IMPLEMENT,IMPLEMENT,REJECT:UNSUPPORTED_IN_DIALECT,REJECT:UNSUPPORTED_IN_DIALECT,IMPLEMENT,REJECT:UNSUPPORTED_IN_DIALECT,REJECT:UNSUPPORTED_IN_DIALECT,REJECT:UNSUPPORTED_IN_DIALECT
F_DML_SELECT,FG_DML_SQL,RS_ROWSET,cassandra;firebird;milvus;mongodb;mysql;native;neo4j;postgresql;redis,4006,IMPLEMENT,IMPLEMENT,IMPLEMENT,IMPLEMENT,IMPLEMENT,IMPLEMENT,IMPLEMENT,IMPLEMENT,IMPLEMENT
F_DML_UPDATE,FG_DML_SQL,RS_MUTATION_SUMMARY,cassandra;firebird;mongodb;mysql;native;postgresql,4007,IMPLEMENT,IMPLEMENT,IMPLEMENT,IMPLEMENT,IMPLEMENT,IMPLEMENT,REJECT:UNSUPPORTED_IN_DIALECT,REJECT:UNSUPPORTED_IN_DIALECT,REJECT:UNSUPPORTED_IN_DIALECT
F_EXECUTE_PREPARED,FG_PREPARED,RS_ROWSET_OR_MUTATION,mysql;native;postgresql,5002,IMPLEMENT,REJECT:UNSUPPORTED_IN_DIALECT,IMPLEMENT,IMPLEMENT,REJECT:UNSUPPORTED_IN_DIALECT,REJECT:UNSUPPORTED_IN_DIALECT,REJECT:UNSUPPORTED_IN_DIALECT,REJECT:UNSUPPORTED_IN_DIALECT,REJECT:UNSUPPORTED_IN_DIALECT
F_FDW_CREATE_SERVER,FG_FDW,RS_COMMAND_STATUS,native;postgresql,8001,IMPLEMENT,REJECT:UNSUPPORTED_IN_DIALECT,IMPLEMENT,REJECT:UNSUPPORTED_IN_DIALECT,REJECT:UNSUPPORTED_IN_DIALECT,REJECT:UNSUPPORTED_IN_DIALECT,REJECT:UNSUPPORTED_IN_DIALECT,REJECT:UNSUPPORTED_IN_DIALECT,REJECT:UNSUPPORTED_IN_DIALECT
F_FDW_CREATE_WRAPPER,FG_FDW,RS_COMMAND_STATUS,native;postgresql,8002,IMPLEMENT,REJECT:UNSUPPORTED_IN_DIALECT,IMPLEMENT,REJECT:UNSUPPORTED_IN_DIALECT,REJECT:UNSUPPORTED_IN_DIALECT,REJECT:UNSUPPORTED_IN_DIALECT,REJECT:UNSUPPORTED_IN_DIALECT,REJECT:UNSUPPORTED_IN_DIALECT,REJECT:UNSUPPORTED_IN_DIALECT
F_FDW_FOREIGN_TABLE,FG_FDW,RS_COMMAND_STATUS,native;postgresql,8003,IMPLEMENT,REJECT:UNSUPPORTED_IN_DIALECT,IMPLEMENT,REJECT:UNSUPPORTED_IN_DIALECT,REJECT:UNSUPPORTED_IN_DIALECT,REJECT:UNSUPPORTED_IN_DIALECT,REJECT:UNSUPPORTED_IN_DIALECT,REJECT:UNSUPPORTED_IN_DIALECT,REJECT:UNSUPPORTED_IN_DIALECT
F_FDW_USER_MAPPING,FG_FDW,RS_COMMAND_STATUS,native;postgresql,8004,IMPLEMENT,REJECT:UNSUPPORTED_IN_DIALECT,IMPLEMENT,REJECT:UNSUPPORTED_IN_DIALECT,REJECT:UNSUPPORTED_IN_DIALECT,REJECT:UNSUPPORTED_IN_DIALECT,REJECT:UNSUPPORTED_IN_DIALECT,REJECT:UNSUPPORTED_IN_DIALECT,REJECT:UNSUPPORTED_IN_DIALECT
F_FDW_ALTER_WRAPPER,FG_FDW,RS_COMMAND_STATUS,native;postgresql,8005,IMPLEMENT,REJECT:UNSUPPORTED_IN_DIALECT,IMPLEMENT,REJECT:UNSUPPORTED_IN_DIALECT,REJECT:UNSUPPORTED_IN_DIALECT,REJECT:UNSUPPORTED_IN_DIALECT,REJECT:UNSUPPORTED_IN_DIALECT,REJECT:UNSUPPORTED_IN_DIALECT,REJECT:UNSUPPORTED_IN_DIALECT
F_FDW_DROP_WRAPPER,FG_FDW,RS_COMMAND_STATUS,native;postgresql,8006,IMPLEMENT,REJECT:UNSUPPORTED_IN_DIALECT,IMPLEMENT,REJECT:UNSUPPORTED_IN_DIALECT,REJECT:UNSUPPORTED_IN_DIALECT,REJECT:UNSUPPORTED_IN_DIALECT,REJECT:UNSUPPORTED_IN_DIALECT,REJECT:UNSUPPORTED_IN_DIALECT,REJECT:UNSUPPORTED_IN_DIALECT
F_FDW_ALTER_SERVER,FG_FDW,RS_COMMAND_STATUS,native;postgresql,8007,IMPLEMENT,REJECT:UNSUPPORTED_IN_DIALECT,IMPLEMENT,REJECT:UNSUPPORTED_IN_DIALECT,REJECT:UNSUPPORTED_IN_DIALECT,REJECT:UNSUPPORTED_IN_DIALECT,REJECT:UNSUPPORTED_IN_DIALECT,REJECT:UNSUPPORTED_IN_DIALECT,REJECT:UNSUPPORTED_IN_DIALECT
F_FDW_DROP_SERVER,FG_FDW,RS_COMMAND_STATUS,native;postgresql,8008,IMPLEMENT,REJECT:UNSUPPORTED_IN_DIALECT,IMPLEMENT,REJECT:UNSUPPORTED_IN_DIALECT,REJECT:UNSUPPORTED_IN_DIALECT,REJECT:UNSUPPORTED_IN_DIALECT,REJECT:UNSUPPORTED_IN_DIALECT,REJECT:UNSUPPORTED_IN_DIALECT,REJECT:UNSUPPORTED_IN_DIALECT
F_FDW_ALTER_USER_MAPPING,FG_FDW,RS_COMMAND_STATUS,native;postgresql,8009,IMPLEMENT,REJECT:UNSUPPORTED_IN_DIALECT,IMPLEMENT,REJECT:UNSUPPORTED_IN_DIALECT,REJECT:UNSUPPORTED_IN_DIALECT,REJECT:UNSUPPORTED_IN_DIALECT,REJECT:UNSUPPORTED_IN_DIALECT,REJECT:UNSUPPORTED_IN_DIALECT,REJECT:UNSUPPORTED_IN_DIALECT
F_FDW_DROP_USER_MAPPING,FG_FDW,RS_COMMAND_STATUS,native;postgresql,8010,IMPLEMENT,REJECT:UNSUPPORTED_IN_DIALECT,IMPLEMENT,REJECT:UNSUPPORTED_IN_DIALECT,REJECT:UNSUPPORTED_IN_DIALECT,REJECT:UNSUPPORTED_IN_DIALECT,REJECT:UNSUPPORTED_IN_DIALECT,REJECT:UNSUPPORTED_IN_DIALECT,REJECT:UNSUPPORTED_IN_DIALECT
F_FDW_ALTER_FOREIGN_TABLE,FG_FDW,RS_COMMAND_STATUS,native;postgresql,8011,IMPLEMENT,REJECT:UNSUPPORTED_IN_DIALECT,IMPLEMENT,REJECT:UNSUPPORTED_IN_DIALECT,REJECT:UNSUPPORTED_IN_DIALECT,REJECT:UNSUPPORTED_IN_DIALECT,REJECT:UNSUPPORTED_IN_DIALECT,REJECT:UNSUPPORTED_IN_DIALECT,REJECT:UNSUPPORTED_IN_DIALECT
F_FDW_DROP_FOREIGN_TABLE,FG_FDW,RS_COMMAND_STATUS,native;postgresql,8012,IMPLEMENT,REJECT:UNSUPPORTED_IN_DIALECT,IMPLEMENT,REJECT:UNSUPPORTED_IN_DIALECT,REJECT:UNSUPPORTED_IN_DIALECT,REJECT:UNSUPPORTED_IN_DIALECT,REJECT:UNSUPPORTED_IN_DIALECT,REJECT:UNSUPPORTED_IN_DIALECT,REJECT:UNSUPPORTED_IN_DIALECT
F_FDW_IMPORT_SCHEMA,FG_FDW,RS_COMMAND_STATUS,native;postgresql,8013,IMPLEMENT,REJECT:UNSUPPORTED_IN_DIALECT,IMPLEMENT,REJECT:UNSUPPORTED_IN_DIALECT,REJECT:UNSUPPORTED_IN_DIALECT,REJECT:UNSUPPORTED_IN_DIALECT,REJECT:UNSUPPORTED_IN_DIALECT,REJECT:UNSUPPORTED_IN_DIALECT,REJECT:UNSUPPORTED_IN_DIALECT
F_REMOTE_ANALYZE_METADATA,FG_FDW,RS_DIAGNOSTIC_REPORT,native,8101,IMPLEMENT,REJECT:UNSUPPORTED_IN_DIALECT,REJECT:UNSUPPORTED_IN_DIALECT,REJECT:UNSUPPORTED_IN_DIALECT,REJECT:UNSUPPORTED_IN_DIALECT,REJECT:UNSUPPORTED_IN_DIALECT,REJECT:UNSUPPORTED_IN_DIALECT,REJECT:UNSUPPORTED_IN_DIALECT,REJECT:UNSUPPORTED_IN_DIALECT
F_REMOTE_REFRESH_METADATA,FG_FDW,RS_COMMAND_STATUS,native,8102,IMPLEMENT,REJECT:UNSUPPORTED_IN_DIALECT,REJECT:UNSUPPORTED_IN_DIALECT,REJECT:UNSUPPORTED_IN_DIALECT,REJECT:UNSUPPORTED_IN_DIALECT,REJECT:UNSUPPORTED_IN_DIALECT,REJECT:UNSUPPORTED_IN_DIALECT,REJECT:UNSUPPORTED_IN_DIALECT,REJECT:UNSUPPORTED_IN_DIALECT
F_REMOTE_SHOW_CAPABILITIES,FG_FDW,RS_ROWSET,native,8103,IMPLEMENT,REJECT:UNSUPPORTED_IN_DIALECT,REJECT:UNSUPPORTED_IN_DIALECT,REJECT:UNSUPPORTED_IN_DIALECT,REJECT:UNSUPPORTED_IN_DIALECT,REJECT:UNSUPPORTED_IN_DIALECT,REJECT:UNSUPPORTED_IN_DIALECT,REJECT:UNSUPPORTED_IN_DIALECT,REJECT:UNSUPPORTED_IN_DIALECT
F_REMOTE_SHOW_OBJECTS,FG_FDW,RS_ROWSET,native,8104,IMPLEMENT,REJECT:UNSUPPORTED_IN_DIALECT,REJECT:UNSUPPORTED_IN_DIALECT,REJECT:UNSUPPORTED_IN_DIALECT,REJECT:UNSUPPORTED_IN_DIALECT,REJECT:UNSUPPORTED_IN_DIALECT,REJECT:UNSUPPORTED_IN_DIALECT,REJECT:UNSUPPORTED_IN_DIALECT,REJECT:UNSUPPORTED_IN_DIALECT
F_REMOTE_SHOW_COLUMNS,FG_FDW,RS_ROWSET,native,8105,IMPLEMENT,REJECT:UNSUPPORTED_IN_DIALECT,REJECT:UNSUPPORTED_IN_DIALECT,REJECT:UNSUPPORTED_IN_DIALECT,REJECT:UNSUPPORTED_IN_DIALECT,REJECT:UNSUPPORTED_IN_DIALECT,REJECT:UNSUPPORTED_IN_DIALECT,REJECT:UNSUPPORTED_IN_DIALECT,REJECT:UNSUPPORTED_IN_DIALECT
F_REMOTE_SHOW_STATISTICS,FG_FDW,RS_ROWSET,native,8106,IMPLEMENT,REJECT:UNSUPPORTED_IN_DIALECT,REJECT:UNSUPPORTED_IN_DIALECT,REJECT:UNSUPPORTED_IN_DIALECT,REJECT:UNSUPPORTED_IN_DIALECT,REJECT:UNSUPPORTED_IN_DIALECT,REJECT:UNSUPPORTED_IN_DIALECT,REJECT:UNSUPPORTED_IN_DIALECT,REJECT:UNSUPPORTED_IN_DIALECT
F_REMOTE_EXECUTE,FG_FDW,RS_ROWSET_OR_MUTATION,native,8107,IMPLEMENT,REJECT:UNSUPPORTED_IN_DIALECT,REJECT:UNSUPPORTED_IN_DIALECT,REJECT:UNSUPPORTED_IN_DIALECT,REJECT:UNSUPPORTED_IN_DIALECT,REJECT:UNSUPPORTED_IN_DIALECT,REJECT:UNSUPPORTED_IN_DIALECT,REJECT:UNSUPPORTED_IN_DIALECT,REJECT:UNSUPPORTED_IN_DIALECT
F_REMOTE_PREPARE,FG_FDW,RS_COMMAND_STATUS,native,8108,IMPLEMENT,REJECT:UNSUPPORTED_IN_DIALECT,REJECT:UNSUPPORTED_IN_DIALECT,REJECT:UNSUPPORTED_IN_DIALECT,REJECT:UNSUPPORTED_IN_DIALECT,REJECT:UNSUPPORTED_IN_DIALECT,REJECT:UNSUPPORTED_IN_DIALECT,REJECT:UNSUPPORTED_IN_DIALECT,REJECT:UNSUPPORTED_IN_DIALECT
F_REMOTE_EXECUTE_PREPARED,FG_FDW,RS_ROWSET_OR_MUTATION,native,8109,IMPLEMENT,REJECT:UNSUPPORTED_IN_DIALECT,REJECT:UNSUPPORTED_IN_DIALECT,REJECT:UNSUPPORTED_IN_DIALECT,REJECT:UNSUPPORTED_IN_DIALECT,REJECT:UNSUPPORTED_IN_DIALECT,REJECT:UNSUPPORTED_IN_DIALECT,REJECT:UNSUPPORTED_IN_DIALECT,REJECT:UNSUPPORTED_IN_DIALECT
F_REMOTE_DEALLOCATE_PREPARED,FG_FDW,RS_COMMAND_STATUS,native,8110,IMPLEMENT,REJECT:UNSUPPORTED_IN_DIALECT,REJECT:UNSUPPORTED_IN_DIALECT,REJECT:UNSUPPORTED_IN_DIALECT,REJECT:UNSUPPORTED_IN_DIALECT,REJECT:UNSUPPORTED_IN_DIALECT,REJECT:UNSUPPORTED_IN_DIALECT,REJECT:UNSUPPORTED_IN_DIALECT,REJECT:UNSUPPORTED_IN_DIALECT
F_REMOTE_BEGIN_TXN,FG_FDW,RS_COMMAND_STATUS,native,8111,IMPLEMENT,REJECT:UNSUPPORTED_IN_DIALECT,REJECT:UNSUPPORTED_IN_DIALECT,REJECT:UNSUPPORTED_IN_DIALECT,REJECT:UNSUPPORTED_IN_DIALECT,REJECT:UNSUPPORTED_IN_DIALECT,REJECT:UNSUPPORTED_IN_DIALECT,REJECT:UNSUPPORTED_IN_DIALECT,REJECT:UNSUPPORTED_IN_DIALECT
F_REMOTE_COMMIT_TXN,FG_FDW,RS_COMMAND_STATUS,native,8112,IMPLEMENT,REJECT:UNSUPPORTED_IN_DIALECT,REJECT:UNSUPPORTED_IN_DIALECT,REJECT:UNSUPPORTED_IN_DIALECT,REJECT:UNSUPPORTED_IN_DIALECT,REJECT:UNSUPPORTED_IN_DIALECT,REJECT:UNSUPPORTED_IN_DIALECT,REJECT:UNSUPPORTED_IN_DIALECT,REJECT:UNSUPPORTED_IN_DIALECT
F_REMOTE_ROLLBACK_TXN,FG_FDW,RS_COMMAND_STATUS,native,8113,IMPLEMENT,REJECT:UNSUPPORTED_IN_DIALECT,REJECT:UNSUPPORTED_IN_DIALECT,REJECT:UNSUPPORTED_IN_DIALECT,REJECT:UNSUPPORTED_IN_DIALECT,REJECT:UNSUPPORTED_IN_DIALECT,REJECT:UNSUPPORTED_IN_DIALECT,REJECT:UNSUPPORTED_IN_DIALECT,REJECT:UNSUPPORTED_IN_DIALECT
F_REMOTE_SHOW_SESSION_STATE,FG_FDW,RS_ROWSET,native,8114,IMPLEMENT,REJECT:UNSUPPORTED_IN_DIALECT,REJECT:UNSUPPORTED_IN_DIALECT,REJECT:UNSUPPORTED_IN_DIALECT,REJECT:UNSUPPORTED_IN_DIALECT,REJECT:UNSUPPORTED_IN_DIALECT,REJECT:UNSUPPORTED_IN_DIALECT,REJECT:UNSUPPORTED_IN_DIALECT,REJECT:UNSUPPORTED_IN_DIALECT
F_HEALING_ACTION_DDL,FG_CLUSTER_CONTROL,RS_COMMAND_STATUS,native,15018,IMPLEMENT,REJECT:UNSUPPORTED_IN_DIALECT,REJECT:UNSUPPORTED_IN_DIALECT,REJECT:UNSUPPORTED_IN_DIALECT,REJECT:UNSUPPORTED_IN_DIALECT,REJECT:UNSUPPORTED_IN_DIALECT,REJECT:UNSUPPORTED_IN_DIALECT,REJECT:UNSUPPORTED_IN_DIALECT,REJECT:UNSUPPORTED_IN_DIALECT
F_HEALING_POLICY_DDL,FG_CLUSTER_CONTROL,RS_COMMAND_STATUS,native,15019,IMPLEMENT,REJECT:UNSUPPORTED_IN_DIALECT,REJECT:UNSUPPORTED_IN_DIALECT,REJECT:UNSUPPORTED_IN_DIALECT,REJECT:UNSUPPORTED_IN_DIALECT,REJECT:UNSUPPORTED_IN_DIALECT,REJECT:UNSUPPORTED_IN_DIALECT,REJECT:UNSUPPORTED_IN_DIALECT,REJECT:UNSUPPORTED_IN_DIALECT
F_HEALING_RUN,FG_CLUSTER_CONTROL,RS_JOB_STATUS,native,15020,IMPLEMENT,REJECT:UNSUPPORTED_IN_DIALECT,REJECT:UNSUPPORTED_IN_DIALECT,REJECT:UNSUPPORTED_IN_DIALECT,REJECT:UNSUPPORTED_IN_DIALECT,REJECT:UNSUPPORTED_IN_DIALECT,REJECT:UNSUPPORTED_IN_DIALECT,REJECT:UNSUPPORTED_IN_DIALECT,REJECT:UNSUPPORTED_IN_DIALECT
F_HEALING_SHOW_RUNS,FG_CLUSTER_CONTROL,RS_ROWSET,native,15021,IMPLEMENT,REJECT:UNSUPPORTED_IN_DIALECT,REJECT:UNSUPPORTED_IN_DIALECT,REJECT:UNSUPPORTED_IN_DIALECT,REJECT:UNSUPPORTED_IN_DIALECT,REJECT:UNSUPPORTED_IN_DIALECT,REJECT:UNSUPPORTED_IN_DIALECT,REJECT:UNSUPPORTED_IN_DIALECT,REJECT:UNSUPPORTED_IN_DIALECT
F_IDX_ANALYZE,FG_DDL_SQL,RS_COMMAND_STATUS,mysql;native;postgresql,3029,IMPLEMENT,REJECT:UNSUPPORTED_IN_DIALECT,IMPLEMENT,IMPLEMENT,REJECT:UNSUPPORTED_IN_DIALECT,REJECT:UNSUPPORTED_IN_DIALECT,REJECT:UNSUPPORTED_IN_DIALECT,REJECT:UNSUPPORTED_IN_DIALECT,REJECT:UNSUPPORTED_IN_DIALECT
F_IDX_DEFAULTS_RESET,FG_DDL_SQL,RS_COMMAND_STATUS,native,3030,IMPLEMENT,REJECT:UNSUPPORTED_IN_DIALECT,REJECT:UNSUPPORTED_IN_DIALECT,REJECT:UNSUPPORTED_IN_DIALECT,REJECT:UNSUPPORTED_IN_DIALECT,REJECT:UNSUPPORTED_IN_DIALECT,REJECT:UNSUPPORTED_IN_DIALECT,REJECT:UNSUPPORTED_IN_DIALECT,REJECT:UNSUPPORTED_IN_DIALECT
F_IDX_DEFAULTS_SET,FG_DDL_SQL,RS_COMMAND_STATUS,native,3031,IMPLEMENT,REJECT:UNSUPPORTED_IN_DIALECT,REJECT:UNSUPPORTED_IN_DIALECT,REJECT:UNSUPPORTED_IN_DIALECT,REJECT:UNSUPPORTED_IN_DIALECT,REJECT:UNSUPPORTED_IN_DIALECT,REJECT:UNSUPPORTED_IN_DIALECT,REJECT:UNSUPPORTED_IN_DIALECT,REJECT:UNSUPPORTED_IN_DIALECT
F_IDX_DIAGNOSTIC_SCAN,FG_DDL_SQL,RS_COMMAND_STATUS,native,3032,IMPLEMENT,REJECT:UNSUPPORTED_IN_DIALECT,REJECT:UNSUPPORTED_IN_DIALECT,REJECT:UNSUPPORTED_IN_DIALECT,REJECT:UNSUPPORTED_IN_DIALECT,REJECT:UNSUPPORTED_IN_DIALECT,REJECT:UNSUPPORTED_IN_DIALECT,REJECT:UNSUPPORTED_IN_DIALECT,REJECT:UNSUPPORTED_IN_DIALECT
F_IDX_LIGHT_SCAN,FG_DDL_SQL,RS_COMMAND_STATUS,native,3033,IMPLEMENT,REJECT:UNSUPPORTED_IN_DIALECT,REJECT:UNSUPPORTED_IN_DIALECT,REJECT:UNSUPPORTED_IN_DIALECT,REJECT:UNSUPPORTED_IN_DIALECT,REJECT:UNSUPPORTED_IN_DIALECT,REJECT:UNSUPPORTED_IN_DIALECT,REJECT:UNSUPPORTED_IN_DIALECT,REJECT:UNSUPPORTED_IN_DIALECT
F_IDX_REBALANCE,FG_DDL_SQL,RS_COMMAND_STATUS,native,3034,IMPLEMENT,REJECT:UNSUPPORTED_IN_DIALECT,REJECT:UNSUPPORTED_IN_DIALECT,REJECT:UNSUPPORTED_IN_DIALECT,REJECT:UNSUPPORTED_IN_DIALECT,REJECT:UNSUPPORTED_IN_DIALECT,REJECT:UNSUPPORTED_IN_DIALECT,REJECT:UNSUPPORTED_IN_DIALECT,REJECT:UNSUPPORTED_IN_DIALECT
F_IDX_REBUILD,FG_DDL_SQL,RS_COMMAND_STATUS,native,3035,IMPLEMENT,REJECT:UNSUPPORTED_IN_DIALECT,REJECT:UNSUPPORTED_IN_DIALECT,REJECT:UNSUPPORTED_IN_DIALECT,REJECT:UNSUPPORTED_IN_DIALECT,REJECT:UNSUPPORTED_IN_DIALECT,REJECT:UNSUPPORTED_IN_DIALECT,REJECT:UNSUPPORTED_IN_DIALECT,REJECT:UNSUPPORTED_IN_DIALECT
F_IDX_RELOCATE,FG_DDL_SQL,RS_COMMAND_STATUS,native,3036,IMPLEMENT,REJECT:UNSUPPORTED_IN_DIALECT,REJECT:UNSUPPORTED_IN_DIALECT,REJECT:UNSUPPORTED_IN_DIALECT,REJECT:UNSUPPORTED_IN_DIALECT,REJECT:UNSUPPORTED_IN_DIALECT,REJECT:UNSUPPORTED_IN_DIALECT,REJECT:UNSUPPORTED_IN_DIALECT,REJECT:UNSUPPORTED_IN_DIALECT
F_IDX_RESET_OPTIONS,FG_DDL_SQL,RS_COMMAND_STATUS,native;postgresql,3037,IMPLEMENT,REJECT:UNSUPPORTED_IN_DIALECT,IMPLEMENT,REJECT:UNSUPPORTED_IN_DIALECT,REJECT:UNSUPPORTED_IN_DIALECT,REJECT:UNSUPPORTED_IN_DIALECT,REJECT:UNSUPPORTED_IN_DIALECT,REJECT:UNSUPPORTED_IN_DIALECT,REJECT:UNSUPPORTED_IN_DIALECT
F_IDX_SET_OPTIONS,FG_DDL_SQL,RS_COMMAND_STATUS,native;postgresql,3038,IMPLEMENT,REJECT:UNSUPPORTED_IN_DIALECT,IMPLEMENT,REJECT:UNSUPPORTED_IN_DIALECT,REJECT:UNSUPPORTED_IN_DIALECT,REJECT:UNSUPPORTED_IN_DIALECT,REJECT:UNSUPPORTED_IN_DIALECT,REJECT:UNSUPPORTED_IN_DIALECT,REJECT:UNSUPPORTED_IN_DIALECT
F_IDX_SHOW_CONTENTION,FG_DDL_SQL,RS_ROWSET,native,3039,IMPLEMENT,REJECT:UNSUPPORTED_IN_DIALECT,REJECT:UNSUPPORTED_IN_DIALECT,REJECT:UNSUPPORTED_IN_DIALECT,REJECT:UNSUPPORTED_IN_DIALECT,REJECT:UNSUPPORTED_IN_DIALECT,REJECT:UNSUPPORTED_IN_DIALECT,REJECT:UNSUPPORTED_IN_DIALECT,REJECT:UNSUPPORTED_IN_DIALECT
F_IDX_SHOW_HEALTH,FG_DDL_SQL,RS_ROWSET,native,3040,IMPLEMENT,REJECT:UNSUPPORTED_IN_DIALECT,REJECT:UNSUPPORTED_IN_DIALECT,REJECT:UNSUPPORTED_IN_DIALECT,REJECT:UNSUPPORTED_IN_DIALECT,REJECT:UNSUPPORTED_IN_DIALECT,REJECT:UNSUPPORTED_IN_DIALECT,REJECT:UNSUPPORTED_IN_DIALECT,REJECT:UNSUPPORTED_IN_DIALECT
F_IDX_SHOW_OPTIONS,FG_DDL_SQL,RS_ROWSET,native,3041,IMPLEMENT,REJECT:UNSUPPORTED_IN_DIALECT,REJECT:UNSUPPORTED_IN_DIALECT,REJECT:UNSUPPORTED_IN_DIALECT,REJECT:UNSUPPORTED_IN_DIALECT,REJECT:UNSUPPORTED_IN_DIALECT,REJECT:UNSUPPORTED_IN_DIALECT,REJECT:UNSUPPORTED_IN_DIALECT,REJECT:UNSUPPORTED_IN_DIALECT
F_IDX_SHOW_STORAGE,FG_DDL_SQL,RS_ROWSET,native,3042,IMPLEMENT,REJECT:UNSUPPORTED_IN_DIALECT,REJECT:UNSUPPORTED_IN_DIALECT,REJECT:UNSUPPORTED_IN_DIALECT,REJECT:UNSUPPORTED_IN_DIALECT,REJECT:UNSUPPORTED_IN_DIALECT,REJECT:UNSUPPORTED_IN_DIALECT,REJECT:UNSUPPORTED_IN_DIALECT,REJECT:UNSUPPORTED_IN_DIALECT
F_IDX_SHOW_USAGE,FG_DDL_SQL,RS_ROWSET,native,3043,IMPLEMENT,REJECT:UNSUPPORTED_IN_DIALECT,REJECT:UNSUPPORTED_IN_DIALECT,REJECT:UNSUPPORTED_IN_DIALECT,REJECT:UNSUPPORTED_IN_DIALECT,REJECT:UNSUPPORTED_IN_DIALECT,REJECT:UNSUPPORTED_IN_DIALECT,REJECT:UNSUPPORTED_IN_DIALECT,REJECT:UNSUPPORTED_IN_DIALECT
F_JOB_CANCEL,FG_JOB_CONTROL,RS_COMMAND_STATUS,native,16001,IMPLEMENT,REJECT:UNSUPPORTED_IN_DIALECT,REJECT:UNSUPPORTED_IN_DIALECT,REJECT:UNSUPPORTED_IN_DIALECT,REJECT:UNSUPPORTED_IN_DIALECT,REJECT:UNSUPPORTED_IN_DIALECT,REJECT:UNSUPPORTED_IN_DIALECT,REJECT:UNSUPPORTED_IN_DIALECT,REJECT:UNSUPPORTED_IN_DIALECT
F_JOB_RETRY,FG_JOB_CONTROL,RS_COMMAND_STATUS,native,16002,IMPLEMENT,REJECT:UNSUPPORTED_IN_DIALECT,REJECT:UNSUPPORTED_IN_DIALECT,REJECT:UNSUPPORTED_IN_DIALECT,REJECT:UNSUPPORTED_IN_DIALECT,REJECT:UNSUPPORTED_IN_DIALECT,REJECT:UNSUPPORTED_IN_DIALECT,REJECT:UNSUPPORTED_IN_DIALECT,REJECT:UNSUPPORTED_IN_DIALECT
F_JOB_SCHEDULE,FG_JOB_CONTROL,RS_COMMAND_STATUS,native,16003,IMPLEMENT,REJECT:UNSUPPORTED_IN_DIALECT,REJECT:UNSUPPORTED_IN_DIALECT,REJECT:UNSUPPORTED_IN_DIALECT,REJECT:UNSUPPORTED_IN_DIALECT,REJECT:UNSUPPORTED_IN_DIALECT,REJECT:UNSUPPORTED_IN_DIALECT,REJECT:UNSUPPORTED_IN_DIALECT,REJECT:UNSUPPORTED_IN_DIALECT
F_JOB_SHOW,FG_JOB_CONTROL,RS_ROWSET,native,16004,IMPLEMENT,REJECT:UNSUPPORTED_IN_DIALECT,REJECT:UNSUPPORTED_IN_DIALECT,REJECT:UNSUPPORTED_IN_DIALECT,REJECT:UNSUPPORTED_IN_DIALECT,REJECT:UNSUPPORTED_IN_DIALECT,REJECT:UNSUPPORTED_IN_DIALECT,REJECT:UNSUPPORTED_IN_DIALECT,REJECT:UNSUPPORTED_IN_DIALECT
F_JOB_SUBMIT,FG_JOB_CONTROL,RS_JOB_STATUS,native,16005,IMPLEMENT,REJECT:UNSUPPORTED_IN_DIALECT,REJECT:UNSUPPORTED_IN_DIALECT,REJECT:UNSUPPORTED_IN_DIALECT,REJECT:UNSUPPORTED_IN_DIALECT,REJECT:UNSUPPORTED_IN_DIALECT,REJECT:UNSUPPORTED_IN_DIALECT,REJECT:UNSUPPORTED_IN_DIALECT,REJECT:UNSUPPORTED_IN_DIALECT
F_JOB_TYPE_DDL,FG_JOB_CONTROL,RS_COMMAND_STATUS,native,16006,IMPLEMENT,REJECT:UNSUPPORTED_IN_DIALECT,REJECT:UNSUPPORTED_IN_DIALECT,REJECT:UNSUPPORTED_IN_DIALECT,REJECT:UNSUPPORTED_IN_DIALECT,REJECT:UNSUPPORTED_IN_DIALECT,REJECT:UNSUPPORTED_IN_DIALECT,REJECT:UNSUPPORTED_IN_DIALECT,REJECT:UNSUPPORTED_IN_DIALECT
F_JOB_TYPE_PARAM_SET,FG_JOB_CONTROL,RS_COMMAND_STATUS,native,16007,IMPLEMENT,REJECT:UNSUPPORTED_IN_DIALECT,REJECT:UNSUPPORTED_IN_DIALECT,REJECT:UNSUPPORTED_IN_DIALECT,REJECT:UNSUPPORTED_IN_DIALECT,REJECT:UNSUPPORTED_IN_DIALECT,REJECT:UNSUPPORTED_IN_DIALECT,REJECT:UNSUPPORTED_IN_DIALECT,REJECT:UNSUPPORTED_IN_DIALECT
F_LISTENER_CONFIG_RESET,FG_ADMIN,RS_COMMAND_STATUS,native,7009,IMPLEMENT,REJECT:UNSUPPORTED_IN_DIALECT,REJECT:UNSUPPORTED_IN_DIALECT,REJECT:UNSUPPORTED_IN_DIALECT,REJECT:UNSUPPORTED_IN_DIALECT,REJECT:UNSUPPORTED_IN_DIALECT,REJECT:UNSUPPORTED_IN_DIALECT,REJECT:UNSUPPORTED_IN_DIALECT,REJECT:UNSUPPORTED_IN_DIALECT
F_LISTENER_CONFIG_SET,FG_ADMIN,RS_COMMAND_STATUS,native,7010,IMPLEMENT,REJECT:UNSUPPORTED_IN_DIALECT,REJECT:UNSUPPORTED_IN_DIALECT,REJECT:UNSUPPORTED_IN_DIALECT,REJECT:UNSUPPORTED_IN_DIALECT,REJECT:UNSUPPORTED_IN_DIALECT,REJECT:UNSUPPORTED_IN_DIALECT,REJECT:UNSUPPORTED_IN_DIALECT,REJECT:UNSUPPORTED_IN_DIALECT
F_LISTENER_DRAIN,FG_ADMIN,RS_COMMAND_STATUS,native,7011,IMPLEMENT,REJECT:UNSUPPORTED_IN_DIALECT,REJECT:UNSUPPORTED_IN_DIALECT,REJECT:UNSUPPORTED_IN_DIALECT,REJECT:UNSUPPORTED_IN_DIALECT,REJECT:UNSUPPORTED_IN_DIALECT,REJECT:UNSUPPORTED_IN_DIALECT,REJECT:UNSUPPORTED_IN_DIALECT,REJECT:UNSUPPORTED_IN_DIALECT
F_LISTENER_POOL_RESET,FG_ADMIN,RS_COMMAND_STATUS,native,7012,IMPLEMENT,REJECT:UNSUPPORTED_IN_DIALECT,REJECT:UNSUPPORTED_IN_DIALECT,REJECT:UNSUPPORTED_IN_DIALECT,REJECT:UNSUPPORTED_IN_DIALECT,REJECT:UNSUPPORTED_IN_DIALECT,REJECT:UNSUPPORTED_IN_DIALECT,REJECT:UNSUPPORTED_IN_DIALECT,REJECT:UNSUPPORTED_IN_DIALECT
F_LISTENER_POOL_SET,FG_ADMIN,RS_COMMAND_STATUS,native,7013,IMPLEMENT,REJECT:UNSUPPORTED_IN_DIALECT,REJECT:UNSUPPORTED_IN_DIALECT,REJECT:UNSUPPORTED_IN_DIALECT,REJECT:UNSUPPORTED_IN_DIALECT,REJECT:UNSUPPORTED_IN_DIALECT,REJECT:UNSUPPORTED_IN_DIALECT,REJECT:UNSUPPORTED_IN_DIALECT,REJECT:UNSUPPORTED_IN_DIALECT
F_LISTENER_RELOAD,FG_ADMIN,RS_COMMAND_STATUS,native,7014,IMPLEMENT,REJECT:UNSUPPORTED_IN_DIALECT,REJECT:UNSUPPORTED_IN_DIALECT,REJECT:UNSUPPORTED_IN_DIALECT,REJECT:UNSUPPORTED_IN_DIALECT,REJECT:UNSUPPORTED_IN_DIALECT,REJECT:UNSUPPORTED_IN_DIALECT,REJECT:UNSUPPORTED_IN_DIALECT,REJECT:UNSUPPORTED_IN_DIALECT
F_LISTENER_SHOW,FG_ADMIN,RS_ROWSET,native,7015,IMPLEMENT,REJECT:UNSUPPORTED_IN_DIALECT,REJECT:UNSUPPORTED_IN_DIALECT,REJECT:UNSUPPORTED_IN_DIALECT,REJECT:UNSUPPORTED_IN_DIALECT,REJECT:UNSUPPORTED_IN_DIALECT,REJECT:UNSUPPORTED_IN_DIALECT,REJECT:UNSUPPORTED_IN_DIALECT,REJECT:UNSUPPORTED_IN_DIALECT
F_LISTENER_START,FG_ADMIN,RS_COMMAND_STATUS,native,7016,IMPLEMENT,REJECT:UNSUPPORTED_IN_DIALECT,REJECT:UNSUPPORTED_IN_DIALECT,REJECT:UNSUPPORTED_IN_DIALECT,REJECT:UNSUPPORTED_IN_DIALECT,REJECT:UNSUPPORTED_IN_DIALECT,REJECT:UNSUPPORTED_IN_DIALECT,REJECT:UNSUPPORTED_IN_DIALECT,REJECT:UNSUPPORTED_IN_DIALECT
F_LISTENER_STOP,FG_ADMIN,RS_COMMAND_STATUS,native,7017,IMPLEMENT,REJECT:UNSUPPORTED_IN_DIALECT,REJECT:UNSUPPORTED_IN_DIALECT,REJECT:UNSUPPORTED_IN_DIALECT,REJECT:UNSUPPORTED_IN_DIALECT,REJECT:UNSUPPORTED_IN_DIALECT,REJECT:UNSUPPORTED_IN_DIALECT,REJECT:UNSUPPORTED_IN_DIALECT,REJECT:UNSUPPORTED_IN_DIALECT
F_LISTENER_UNDRAIN,FG_ADMIN,RS_COMMAND_STATUS,native,7018,IMPLEMENT,REJECT:UNSUPPORTED_IN_DIALECT,REJECT:UNSUPPORTED_IN_DIALECT,REJECT:UNSUPPORTED_IN_DIALECT,REJECT:UNSUPPORTED_IN_DIALECT,REJECT:UNSUPPORTED_IN_DIALECT,REJECT:UNSUPPORTED_IN_DIALECT,REJECT:UNSUPPORTED_IN_DIALECT,REJECT:UNSUPPORTED_IN_DIALECT
F_MILVUS_CREATE_COLLECTION,FG_MILVUS,RS_COMMAND_STATUS,milvus,13001,IMPLEMENT,REJECT:UNSUPPORTED_IN_DIALECT,REJECT:UNSUPPORTED_IN_DIALECT,REJECT:UNSUPPORTED_IN_DIALECT,REJECT:UNSUPPORTED_IN_DIALECT,REJECT:UNSUPPORTED_IN_DIALECT,REJECT:UNSUPPORTED_IN_DIALECT,REJECT:UNSUPPORTED_IN_DIALECT,IMPLEMENT
F_MILVUS_CREATE_INDEX,FG_MILVUS,RS_COMMAND_STATUS,milvus,13002,IMPLEMENT,REJECT:UNSUPPORTED_IN_DIALECT,REJECT:UNSUPPORTED_IN_DIALECT,REJECT:UNSUPPORTED_IN_DIALECT,REJECT:UNSUPPORTED_IN_DIALECT,REJECT:UNSUPPORTED_IN_DIALECT,REJECT:UNSUPPORTED_IN_DIALECT,REJECT:UNSUPPORTED_IN_DIALECT,IMPLEMENT
F_MILVUS_DELETE,FG_MILVUS,RS_MUTATION_SUMMARY,milvus,13003,IMPLEMENT,REJECT:UNSUPPORTED_IN_DIALECT,REJECT:UNSUPPORTED_IN_DIALECT,REJECT:UNSUPPORTED_IN_DIALECT,REJECT:UNSUPPORTED_IN_DIALECT,REJECT:UNSUPPORTED_IN_DIALECT,REJECT:UNSUPPORTED_IN_DIALECT,REJECT:UNSUPPORTED_IN_DIALECT,IMPLEMENT
F_MILVUS_DROP_COLLECTION,FG_MILVUS,RS_COMMAND_STATUS,milvus,13004,IMPLEMENT,REJECT:UNSUPPORTED_IN_DIALECT,REJECT:UNSUPPORTED_IN_DIALECT,REJECT:UNSUPPORTED_IN_DIALECT,REJECT:UNSUPPORTED_IN_DIALECT,REJECT:UNSUPPORTED_IN_DIALECT,REJECT:UNSUPPORTED_IN_DIALECT,REJECT:UNSUPPORTED_IN_DIALECT,IMPLEMENT
F_MILVUS_DROP_INDEX,FG_MILVUS,RS_COMMAND_STATUS,milvus,13005,IMPLEMENT,REJECT:UNSUPPORTED_IN_DIALECT,REJECT:UNSUPPORTED_IN_DIALECT,REJECT:UNSUPPORTED_IN_DIALECT,REJECT:UNSUPPORTED_IN_DIALECT,REJECT:UNSUPPORTED_IN_DIALECT,REJECT:UNSUPPORTED_IN_DIALECT,REJECT:UNSUPPORTED_IN_DIALECT,IMPLEMENT
F_MILVUS_INSERT,FG_MILVUS,RS_MUTATION_SUMMARY,milvus,13006,IMPLEMENT,REJECT:UNSUPPORTED_IN_DIALECT,REJECT:UNSUPPORTED_IN_DIALECT,REJECT:UNSUPPORTED_IN_DIALECT,REJECT:UNSUPPORTED_IN_DIALECT,REJECT:UNSUPPORTED_IN_DIALECT,REJECT:UNSUPPORTED_IN_DIALECT,REJECT:UNSUPPORTED_IN_DIALECT,IMPLEMENT
F_MILVUS_QUERY,FG_MILVUS,RS_ROWSET,milvus,13007,IMPLEMENT,REJECT:UNSUPPORTED_IN_DIALECT,REJECT:UNSUPPORTED_IN_DIALECT,REJECT:UNSUPPORTED_IN_DIALECT,REJECT:UNSUPPORTED_IN_DIALECT,REJECT:UNSUPPORTED_IN_DIALECT,REJECT:UNSUPPORTED_IN_DIALECT,REJECT:UNSUPPORTED_IN_DIALECT,IMPLEMENT
F_MILVUS_SEARCH,FG_MILVUS,RS_VECTOR_SEARCH,milvus,13008,IMPLEMENT,REJECT:UNSUPPORTED_IN_DIALECT,REJECT:UNSUPPORTED_IN_DIALECT,REJECT:UNSUPPORTED_IN_DIALECT,REJECT:UNSUPPORTED_IN_DIALECT,REJECT:UNSUPPORTED_IN_DIALECT,REJECT:UNSUPPORTED_IN_DIALECT,REJECT:UNSUPPORTED_IN_DIALECT,IMPLEMENT
F_MONGO_AGGREGATE,FG_MONGO,RS_DOCUMENT_SET,mongodb,10001,IMPLEMENT,REJECT:UNSUPPORTED_IN_DIALECT,REJECT:UNSUPPORTED_IN_DIALECT,REJECT:UNSUPPORTED_IN_DIALECT,REJECT:UNSUPPORTED_IN_DIALECT,IMPLEMENT,REJECT:UNSUPPORTED_IN_DIALECT,REJECT:UNSUPPORTED_IN_DIALECT,REJECT:UNSUPPORTED_IN_DIALECT
F_MONGO_BULK_WRITE,FG_MONGO,RS_MUTATION_SUMMARY,mongodb,10002,IMPLEMENT,REJECT:UNSUPPORTED_IN_DIALECT,REJECT:UNSUPPORTED_IN_DIALECT,REJECT:UNSUPPORTED_IN_DIALECT,REJECT:UNSUPPORTED_IN_DIALECT,IMPLEMENT,REJECT:UNSUPPORTED_IN_DIALECT,REJECT:UNSUPPORTED_IN_DIALECT,REJECT:UNSUPPORTED_IN_DIALECT
F_MONGO_FIND,FG_MONGO,RS_DOCUMENT_SET,mongodb,10003,IMPLEMENT,REJECT:UNSUPPORTED_IN_DIALECT,REJECT:UNSUPPORTED_IN_DIALECT,REJECT:UNSUPPORTED_IN_DIALECT,REJECT:UNSUPPORTED_IN_DIALECT,IMPLEMENT,REJECT:UNSUPPORTED_IN_DIALECT,REJECT:UNSUPPORTED_IN_DIALECT,REJECT:UNSUPPORTED_IN_DIALECT
F_MONGO_FIND_AND_MODIFY,FG_MONGO,RS_DOCUMENT_OR_STATUS,mongodb,10004,IMPLEMENT,REJECT:UNSUPPORTED_IN_DIALECT,REJECT:UNSUPPORTED_IN_DIALECT,REJECT:UNSUPPORTED_IN_DIALECT,REJECT:UNSUPPORTED_IN_DIALECT,IMPLEMENT,REJECT:UNSUPPORTED_IN_DIALECT,REJECT:UNSUPPORTED_IN_DIALECT,REJECT:UNSUPPORTED_IN_DIALECT
F_NOTIFY_PUBLISH,FG_NOTIFICATION,RS_COMMAND_STATUS,firebird;native;postgresql,6001,IMPLEMENT,IMPLEMENT,IMPLEMENT,REJECT:UNSUPPORTED_IN_DIALECT,REJECT:UNSUPPORTED_IN_DIALECT,REJECT:UNSUPPORTED_IN_DIALECT,REJECT:UNSUPPORTED_IN_DIALECT,REJECT:UNSUPPORTED_IN_DIALECT,REJECT:UNSUPPORTED_IN_DIALECT
F_NOTIFY_SUBSCRIBE,FG_NOTIFICATION,RS_STREAM_STATUS,firebird;native;postgresql;redis,6002,IMPLEMENT,IMPLEMENT,IMPLEMENT,REJECT:UNSUPPORTED_IN_DIALECT,REJECT:UNSUPPORTED_IN_DIALECT,REJECT:UNSUPPORTED_IN_DIALECT,REJECT:UNSUPPORTED_IN_DIALECT,IMPLEMENT,REJECT:UNSUPPORTED_IN_DIALECT
F_NOTIFY_UNSUBSCRIBE,FG_NOTIFICATION,RS_COMMAND_STATUS,native;postgresql;redis,6003,IMPLEMENT,REJECT:UNSUPPORTED_IN_DIALECT,IMPLEMENT,REJECT:UNSUPPORTED_IN_DIALECT,REJECT:UNSUPPORTED_IN_DIALECT,REJECT:UNSUPPORTED_IN_DIALECT,REJECT:UNSUPPORTED_IN_DIALECT,IMPLEMENT,REJECT:UNSUPPORTED_IN_DIALECT
F_PREPARE_STATEMENT,FG_PREPARED,RS_COMMAND_STATUS,mysql;native;postgresql,5003,IMPLEMENT,REJECT:UNSUPPORTED_IN_DIALECT,IMPLEMENT,IMPLEMENT,REJECT:UNSUPPORTED_IN_DIALECT,REJECT:UNSUPPORTED_IN_DIALECT,REJECT:UNSUPPORTED_IN_DIALECT,REJECT:UNSUPPORTED_IN_DIALECT,REJECT:UNSUPPORTED_IN_DIALECT
F_REDIS_HASH,FG_REDIS,RS_REDIS_BULK_OR_INT,redis,12001,IMPLEMENT,REJECT:UNSUPPORTED_IN_DIALECT,REJECT:UNSUPPORTED_IN_DIALECT,REJECT:UNSUPPORTED_IN_DIALECT,REJECT:UNSUPPORTED_IN_DIALECT,REJECT:UNSUPPORTED_IN_DIALECT,REJECT:UNSUPPORTED_IN_DIALECT,IMPLEMENT,REJECT:UNSUPPORTED_IN_DIALECT
F_REDIS_LIST,FG_REDIS,RS_REDIS_BULK_OR_INT,redis,12002,IMPLEMENT,REJECT:UNSUPPORTED_IN_DIALECT,REJECT:UNSUPPORTED_IN_DIALECT,REJECT:UNSUPPORTED_IN_DIALECT,REJECT:UNSUPPORTED_IN_DIALECT,REJECT:UNSUPPORTED_IN_DIALECT,REJECT:UNSUPPORTED_IN_DIALECT,IMPLEMENT,REJECT:UNSUPPORTED_IN_DIALECT
F_REDIS_PUBSUB,FG_REDIS,RS_STREAM_STATUS,redis,12003,IMPLEMENT,REJECT:UNSUPPORTED_IN_DIALECT,REJECT:UNSUPPORTED_IN_DIALECT,REJECT:UNSUPPORTED_IN_DIALECT,REJECT:UNSUPPORTED_IN_DIALECT,REJECT:UNSUPPORTED_IN_DIALECT,REJECT:UNSUPPORTED_IN_DIALECT,IMPLEMENT,REJECT:UNSUPPORTED_IN_DIALECT
F_REDIS_SET,FG_REDIS,RS_REDIS_ARRAY,redis,12004,IMPLEMENT,REJECT:UNSUPPORTED_IN_DIALECT,REJECT:UNSUPPORTED_IN_DIALECT,REJECT:UNSUPPORTED_IN_DIALECT,REJECT:UNSUPPORTED_IN_DIALECT,REJECT:UNSUPPORTED_IN_DIALECT,REJECT:UNSUPPORTED_IN_DIALECT,IMPLEMENT,REJECT:UNSUPPORTED_IN_DIALECT
F_REDIS_STREAM,FG_REDIS,RS_STREAM_STATUS_OR_ROWS,redis,12005,IMPLEMENT,REJECT:UNSUPPORTED_IN_DIALECT,REJECT:UNSUPPORTED_IN_DIALECT,REJECT:UNSUPPORTED_IN_DIALECT,REJECT:UNSUPPORTED_IN_DIALECT,REJECT:UNSUPPORTED_IN_DIALECT,REJECT:UNSUPPORTED_IN_DIALECT,IMPLEMENT,REJECT:UNSUPPORTED_IN_DIALECT
F_REDIS_STRING,FG_REDIS,RS_REDIS_BULK_OR_INT,redis,12006,IMPLEMENT,REJECT:UNSUPPORTED_IN_DIALECT,REJECT:UNSUPPORTED_IN_DIALECT,REJECT:UNSUPPORTED_IN_DIALECT,REJECT:UNSUPPORTED_IN_DIALECT,REJECT:UNSUPPORTED_IN_DIALECT,REJECT:UNSUPPORTED_IN_DIALECT,IMPLEMENT,REJECT:UNSUPPORTED_IN_DIALECT
F_REDIS_ZSET,FG_REDIS,RS_REDIS_ARRAY,redis,12007,IMPLEMENT,REJECT:UNSUPPORTED_IN_DIALECT,REJECT:UNSUPPORTED_IN_DIALECT,REJECT:UNSUPPORTED_IN_DIALECT,REJECT:UNSUPPORTED_IN_DIALECT,REJECT:UNSUPPORTED_IN_DIALECT,REJECT:UNSUPPORTED_IN_DIALECT,IMPLEMENT,REJECT:UNSUPPORTED_IN_DIALECT
F_SECURITY_CERT_DDL,FG_SECURITY_ADMIN,RS_COMMAND_STATUS,native,17001,IMPLEMENT,REJECT:UNSUPPORTED_IN_DIALECT,REJECT:UNSUPPORTED_IN_DIALECT,REJECT:UNSUPPORTED_IN_DIALECT,REJECT:UNSUPPORTED_IN_DIALECT,REJECT:UNSUPPORTED_IN_DIALECT,REJECT:UNSUPPORTED_IN_DIALECT,REJECT:UNSUPPORTED_IN_DIALECT,REJECT:UNSUPPORTED_IN_DIALECT
F_SECURITY_ENCRYPTION_KEY,FG_SECURITY_ADMIN,RS_COMMAND_STATUS,native,17002,IMPLEMENT,REJECT:UNSUPPORTED_IN_DIALECT,REJECT:UNSUPPORTED_IN_DIALECT,REJECT:UNSUPPORTED_IN_DIALECT,REJECT:UNSUPPORTED_IN_DIALECT,REJECT:UNSUPPORTED_IN_DIALECT,REJECT:UNSUPPORTED_IN_DIALECT,REJECT:UNSUPPORTED_IN_DIALECT,REJECT:UNSUPPORTED_IN_DIALECT
F_SECURITY_ENCRYPTION_PROFILE,FG_SECURITY_ADMIN,RS_COMMAND_STATUS,native,17003,IMPLEMENT,REJECT:UNSUPPORTED_IN_DIALECT,REJECT:UNSUPPORTED_IN_DIALECT,REJECT:UNSUPPORTED_IN_DIALECT,REJECT:UNSUPPORTED_IN_DIALECT,REJECT:UNSUPPORTED_IN_DIALECT,REJECT:UNSUPPORTED_IN_DIALECT,REJECT:UNSUPPORTED_IN_DIALECT,REJECT:UNSUPPORTED_IN_DIALECT
F_SECURITY_KEY_SHARD_SUBMIT,FG_SECURITY_ADMIN,RS_COMMAND_STATUS,native,17004,IMPLEMENT,REJECT:UNSUPPORTED_IN_DIALECT,REJECT:UNSUPPORTED_IN_DIALECT,REJECT:UNSUPPORTED_IN_DIALECT,REJECT:UNSUPPORTED_IN_DIALECT,REJECT:UNSUPPORTED_IN_DIALECT,REJECT:UNSUPPORTED_IN_DIALECT,REJECT:UNSUPPORTED_IN_DIALECT,REJECT:UNSUPPORTED_IN_DIALECT
F_SECURITY_PRIVATE_KEY_ROTATE,FG_SECURITY_ADMIN,RS_COMMAND_STATUS,native,17005,IMPLEMENT,REJECT:UNSUPPORTED_IN_DIALECT,REJECT:UNSUPPORTED_IN_DIALECT,REJECT:UNSUPPORTED_IN_DIALECT,REJECT:UNSUPPORTED_IN_DIALECT,REJECT:UNSUPPORTED_IN_DIALECT,REJECT:UNSUPPORTED_IN_DIALECT,REJECT:UNSUPPORTED_IN_DIALECT,REJECT:UNSUPPORTED_IN_DIALECT
F_SECURITY_SHOW_STATUS,FG_SECURITY_ADMIN,RS_ROWSET,native,17006,IMPLEMENT,REJECT:UNSUPPORTED_IN_DIALECT,REJECT:UNSUPPORTED_IN_DIALECT,REJECT:UNSUPPORTED_IN_DIALECT,REJECT:UNSUPPORTED_IN_DIALECT,REJECT:UNSUPPORTED_IN_DIALECT,REJECT:UNSUPPORTED_IN_DIALECT,REJECT:UNSUPPORTED_IN_DIALECT,REJECT:UNSUPPORTED_IN_DIALECT
F_SECURITY_UNLOCK_DATABASE,FG_SECURITY_ADMIN,RS_COMMAND_STATUS,native,17007,IMPLEMENT,REJECT:UNSUPPORTED_IN_DIALECT,REJECT:UNSUPPORTED_IN_DIALECT,REJECT:UNSUPPORTED_IN_DIALECT,REJECT:UNSUPPORTED_IN_DIALECT,REJECT:UNSUPPORTED_IN_DIALECT,REJECT:UNSUPPORTED_IN_DIALECT,REJECT:UNSUPPORTED_IN_DIALECT,REJECT:UNSUPPORTED_IN_DIALECT
F_SERVICE_CHANNEL_BACKUP,FG_SERVICE_CHANNEL,RS_JOB_STATUS,firebird;native,18001,IMPLEMENT,IMPLEMENT,REJECT:UNSUPPORTED_IN_DIALECT,REJECT:UNSUPPORTED_IN_DIALECT,REJECT:UNSUPPORTED_IN_DIALECT,REJECT:UNSUPPORTED_IN_DIALECT,REJECT:UNSUPPORTED_IN_DIALECT,REJECT:UNSUPPORTED_IN_DIALECT,REJECT:UNSUPPORTED_IN_DIALECT
F_SERVICE_CHANNEL_EVENTS,FG_SERVICE_CHANNEL,RS_STREAM_STATUS,firebird;native;postgresql;redis,18002,IMPLEMENT,IMPLEMENT,IMPLEMENT,REJECT:UNSUPPORTED_IN_DIALECT,REJECT:UNSUPPORTED_IN_DIALECT,REJECT:UNSUPPORTED_IN_DIALECT,REJECT:UNSUPPORTED_IN_DIALECT,IMPLEMENT,REJECT:UNSUPPORTED_IN_DIALECT
F_SERVICE_CHANNEL_PROGRESS,FG_SERVICE_CHANNEL,RS_JOB_STATUS,cassandra;firebird;milvus;mongodb;mysql;native;neo4j;postgresql;redis,18003,IMPLEMENT,IMPLEMENT,IMPLEMENT,IMPLEMENT,IMPLEMENT,IMPLEMENT,IMPLEMENT,IMPLEMENT,IMPLEMENT
F_SESSION_RESET,FG_SESSION,RS_COMMAND_STATUS,firebird;mysql;native;postgresql,2010,IMPLEMENT,IMPLEMENT,IMPLEMENT,IMPLEMENT,REJECT:UNSUPPORTED_IN_DIALECT,REJECT:UNSUPPORTED_IN_DIALECT,REJECT:UNSUPPORTED_IN_DIALECT,REJECT:UNSUPPORTED_IN_DIALECT,REJECT:UNSUPPORTED_IN_DIALECT
F_SESSION_SET,FG_SESSION,RS_COMMAND_STATUS,cassandra;firebird;milvus;mongodb;mysql;native;neo4j;postgresql;redis,2011,IMPLEMENT,REMAP:TR_RESOLVE_DIALECT_ALIASES,IMPLEMENT,IMPLEMENT,IMPLEMENT,IMPLEMENT,IMPLEMENT,IMPLEMENT,IMPLEMENT
F_SESSION_SHOW,FG_SESSION,RS_KEY_VALUE_SET,cassandra;firebird;milvus;mongodb;mysql;native;neo4j;postgresql;redis,2012,IMPLEMENT,REMAP:TR_RESOLVE_DIALECT_ALIASES,IMPLEMENT,IMPLEMENT,IMPLEMENT,IMPLEMENT,IMPLEMENT,IMPLEMENT,IMPLEMENT
F_SHARD_DDL,FG_CLUSTER_CONTROL,RS_COMMAND_STATUS,native,15022,IMPLEMENT,REJECT:UNSUPPORTED_IN_DIALECT,REJECT:UNSUPPORTED_IN_DIALECT,REJECT:UNSUPPORTED_IN_DIALECT,REJECT:UNSUPPORTED_IN_DIALECT,REJECT:UNSUPPORTED_IN_DIALECT,REJECT:UNSUPPORTED_IN_DIALECT,REJECT:UNSUPPORTED_IN_DIALECT,REJECT:UNSUPPORTED_IN_DIALECT
F_SHARD_MIGRATE,FG_CLUSTER_CONTROL,RS_JOB_STATUS,native,15023,IMPLEMENT,REJECT:UNSUPPORTED_IN_DIALECT,REJECT:UNSUPPORTED_IN_DIALECT,REJECT:UNSUPPORTED_IN_DIALECT,REJECT:UNSUPPORTED_IN_DIALECT,REJECT:UNSUPPORTED_IN_DIALECT,REJECT:UNSUPPORTED_IN_DIALECT,REJECT:UNSUPPORTED_IN_DIALECT,REJECT:UNSUPPORTED_IN_DIALECT
F_SHARD_POLICY_DDL,FG_CLUSTER_CONTROL,RS_COMMAND_STATUS,native,15024,IMPLEMENT,REJECT:UNSUPPORTED_IN_DIALECT,REJECT:UNSUPPORTED_IN_DIALECT,REJECT:UNSUPPORTED_IN_DIALECT,REJECT:UNSUPPORTED_IN_DIALECT,REJECT:UNSUPPORTED_IN_DIALECT,REJECT:UNSUPPORTED_IN_DIALECT,REJECT:UNSUPPORTED_IN_DIALECT,REJECT:UNSUPPORTED_IN_DIALECT
F_SHARD_REPLICA_DDL,FG_CLUSTER_CONTROL,RS_COMMAND_STATUS,native,15025,IMPLEMENT,REJECT:UNSUPPORTED_IN_DIALECT,REJECT:UNSUPPORTED_IN_DIALECT,REJECT:UNSUPPORTED_IN_DIALECT,REJECT:UNSUPPORTED_IN_DIALECT,REJECT:UNSUPPORTED_IN_DIALECT,REJECT:UNSUPPORTED_IN_DIALECT,REJECT:UNSUPPORTED_IN_DIALECT,REJECT:UNSUPPORTED_IN_DIALECT
F_SHARD_SHOW,FG_CLUSTER_CONTROL,RS_ROWSET,native,15026,IMPLEMENT,REJECT:UNSUPPORTED_IN_DIALECT,REJECT:UNSUPPORTED_IN_DIALECT,REJECT:UNSUPPORTED_IN_DIALECT,REJECT:UNSUPPORTED_IN_DIALECT,REJECT:UNSUPPORTED_IN_DIALECT,REJECT:UNSUPPORTED_IN_DIALECT,REJECT:UNSUPPORTED_IN_DIALECT,REJECT:UNSUPPORTED_IN_DIALECT
F_SHOW_SYSTEM_OBJECTS,FG_SESSION,RS_ROWSET,native,2009,IMPLEMENT,REJECT:UNSUPPORTED_IN_DIALECT,REJECT:UNSUPPORTED_IN_DIALECT,REJECT:UNSUPPORTED_IN_DIALECT,REJECT:UNSUPPORTED_IN_DIALECT,REJECT:UNSUPPORTED_IN_DIALECT,REJECT:UNSUPPORTED_IN_DIALECT,REJECT:UNSUPPORTED_IN_DIALECT,REJECT:UNSUPPORTED_IN_DIALECT
F_TEXTSEARCH_ALTER_CONFIGURATION,FG_TEXT_SEARCH,RS_COMMAND_STATUS,native;postgresql,14001,IMPLEMENT,REJECT:UNSUPPORTED_IN_DIALECT,IMPLEMENT,REJECT:UNSUPPORTED_IN_DIALECT,REJECT:UNSUPPORTED_IN_DIALECT,REJECT:UNSUPPORTED_IN_DIALECT,REJECT:UNSUPPORTED_IN_DIALECT,REJECT:UNSUPPORTED_IN_DIALECT,REJECT:UNSUPPORTED_IN_DIALECT
F_TEXTSEARCH_ALTER_DICTIONARY,FG_TEXT_SEARCH,RS_COMMAND_STATUS,native;postgresql,14002,IMPLEMENT,REJECT:UNSUPPORTED_IN_DIALECT,IMPLEMENT,REJECT:UNSUPPORTED_IN_DIALECT,REJECT:UNSUPPORTED_IN_DIALECT,REJECT:UNSUPPORTED_IN_DIALECT,REJECT:UNSUPPORTED_IN_DIALECT,REJECT:UNSUPPORTED_IN_DIALECT,REJECT:UNSUPPORTED_IN_DIALECT
F_TEXTSEARCH_CREATE_CONFIGURATION,FG_TEXT_SEARCH,RS_COMMAND_STATUS,native;postgresql,14003,IMPLEMENT,REJECT:UNSUPPORTED_IN_DIALECT,IMPLEMENT,REJECT:UNSUPPORTED_IN_DIALECT,REJECT:UNSUPPORTED_IN_DIALECT,REJECT:UNSUPPORTED_IN_DIALECT,REJECT:UNSUPPORTED_IN_DIALECT,REJECT:UNSUPPORTED_IN_DIALECT,REJECT:UNSUPPORTED_IN_DIALECT
F_TEXTSEARCH_CREATE_DICTIONARY,FG_TEXT_SEARCH,RS_COMMAND_STATUS,native;postgresql,14004,IMPLEMENT,REJECT:UNSUPPORTED_IN_DIALECT,IMPLEMENT,REJECT:UNSUPPORTED_IN_DIALECT,REJECT:UNSUPPORTED_IN_DIALECT,REJECT:UNSUPPORTED_IN_DIALECT,REJECT:UNSUPPORTED_IN_DIALECT,REJECT:UNSUPPORTED_IN_DIALECT,REJECT:UNSUPPORTED_IN_DIALECT
F_TEXTSEARCH_DROP_CONFIGURATION,FG_TEXT_SEARCH,RS_COMMAND_STATUS,native;postgresql,14005,IMPLEMENT,REJECT:UNSUPPORTED_IN_DIALECT,IMPLEMENT,REJECT:UNSUPPORTED_IN_DIALECT,REJECT:UNSUPPORTED_IN_DIALECT,REJECT:UNSUPPORTED_IN_DIALECT,REJECT:UNSUPPORTED_IN_DIALECT,REJECT:UNSUPPORTED_IN_DIALECT,REJECT:UNSUPPORTED_IN_DIALECT
F_TEXTSEARCH_DROP_DICTIONARY,FG_TEXT_SEARCH,RS_COMMAND_STATUS,native;postgresql,14006,IMPLEMENT,REJECT:UNSUPPORTED_IN_DIALECT,IMPLEMENT,REJECT:UNSUPPORTED_IN_DIALECT,REJECT:UNSUPPORTED_IN_DIALECT,REJECT:UNSUPPORTED_IN_DIALECT,REJECT:UNSUPPORTED_IN_DIALECT,REJECT:UNSUPPORTED_IN_DIALECT,REJECT:UNSUPPORTED_IN_DIALECT
F_TEXTSEARCH_LOAD_DICTIONARY_DATA,FG_TEXT_SEARCH,RS_COMMAND_STATUS,native,14007,IMPLEMENT,REJECT:UNSUPPORTED_IN_DIALECT,REJECT:UNSUPPORTED_IN_DIALECT,REJECT:UNSUPPORTED_IN_DIALECT,REJECT:UNSUPPORTED_IN_DIALECT,REJECT:UNSUPPORTED_IN_DIALECT,REJECT:UNSUPPORTED_IN_DIALECT,REJECT:UNSUPPORTED_IN_DIALECT,REJECT:UNSUPPORTED_IN_DIALECT
F_TXN_BEGIN,FG_TRANSACTION,RS_COMMAND_STATUS,cassandra;firebird;milvus;mongodb;mysql;native;neo4j;postgresql;redis,1001,IMPLEMENT,IMPLEMENT,IMPLEMENT,IMPLEMENT,IMPLEMENT,IMPLEMENT,IMPLEMENT,IMPLEMENT,IMPLEMENT
F_TXN_COMMIT,FG_TRANSACTION,RS_COMMAND_STATUS,cassandra;firebird;milvus;mongodb;mysql;native;neo4j;postgresql;redis,1002,IMPLEMENT,IMPLEMENT,IMPLEMENT,IMPLEMENT,IMPLEMENT,IMPLEMENT,IMPLEMENT,IMPLEMENT,IMPLEMENT
F_TXN_ROLLBACK,FG_TRANSACTION,RS_COMMAND_STATUS,cassandra;firebird;milvus;mongodb;mysql;native;neo4j;postgresql;redis,1003,IMPLEMENT,IMPLEMENT,IMPLEMENT,IMPLEMENT,IMPLEMENT,IMPLEMENT,IMPLEMENT,IMPLEMENT,IMPLEMENT
F_TXN_SAVEPOINT,FG_TRANSACTION,RS_COMMAND_STATUS,firebird;mysql;postgresql,1004,IMPLEMENT,IMPLEMENT,IMPLEMENT,IMPLEMENT,REJECT:UNSUPPORTED_IN_DIALECT,REJECT:UNSUPPORTED_IN_DIALECT,REJECT:UNSUPPORTED_IN_DIALECT,REJECT:UNSUPPORTED_IN_DIALECT,REJECT:UNSUPPORTED_IN_DIALECT
F_DDL_CREATE_BLOB_FILTER,FG_DDL_SQL,RS_COMMAND_STATUS,firebird;native,3044,IMPLEMENT,IMPLEMENT,REJECT:UNSUPPORTED_IN_DIALECT,REJECT:UNSUPPORTED_IN_DIALECT,REJECT:UNSUPPORTED_IN_DIALECT,REJECT:UNSUPPORTED_IN_DIALECT,REJECT:UNSUPPORTED_IN_DIALECT,REJECT:UNSUPPORTED_IN_DIALECT,REJECT:UNSUPPORTED_IN_DIALECT
F_DDL_ALTER_BLOB_FILTER,FG_DDL_SQL,RS_COMMAND_STATUS,firebird;native,3045,IMPLEMENT,IMPLEMENT,REJECT:UNSUPPORTED_IN_DIALECT,REJECT:UNSUPPORTED_IN_DIALECT,REJECT:UNSUPPORTED_IN_DIALECT,REJECT:UNSUPPORTED_IN_DIALECT,REJECT:UNSUPPORTED_IN_DIALECT,REJECT:UNSUPPORTED_IN_DIALECT,REJECT:UNSUPPORTED_IN_DIALECT
F_DDL_DROP_BLOB_FILTER,FG_DDL_SQL,RS_COMMAND_STATUS,firebird;native,3046,IMPLEMENT,IMPLEMENT,REJECT:UNSUPPORTED_IN_DIALECT,REJECT:UNSUPPORTED_IN_DIALECT,REJECT:UNSUPPORTED_IN_DIALECT,REJECT:UNSUPPORTED_IN_DIALECT,REJECT:UNSUPPORTED_IN_DIALECT,REJECT:UNSUPPORTED_IN_DIALECT,REJECT:UNSUPPORTED_IN_DIALECT
F_DDL_BIND_BLOB_FILTER,FG_DDL_SQL,RS_COMMAND_STATUS,firebird;native,3047,IMPLEMENT,IMPLEMENT,REJECT:UNSUPPORTED_IN_DIALECT,REJECT:UNSUPPORTED_IN_DIALECT,REJECT:UNSUPPORTED_IN_DIALECT,REJECT:UNSUPPORTED_IN_DIALECT,REJECT:UNSUPPORTED_IN_DIALECT,REJECT:UNSUPPORTED_IN_DIALECT,REJECT:UNSUPPORTED_IN_DIALECT
F_DDL_UNBIND_BLOB_FILTER,FG_DDL_SQL,RS_COMMAND_STATUS,firebird;native,3048,IMPLEMENT,IMPLEMENT,REJECT:UNSUPPORTED_IN_DIALECT,REJECT:UNSUPPORTED_IN_DIALECT,REJECT:UNSUPPORTED_IN_DIALECT,REJECT:UNSUPPORTED_IN_DIALECT,REJECT:UNSUPPORTED_IN_DIALECT,REJECT:UNSUPPORTED_IN_DIALECT,REJECT:UNSUPPORTED_IN_DIALECT
F_STORAGE_SET_TABLE_FILESPACE,FG_DDL_SQL,RS_COMMAND_STATUS,native,3049,IMPLEMENT,REJECT:UNSUPPORTED_IN_DIALECT,REJECT:UNSUPPORTED_IN_DIALECT,REJECT:UNSUPPORTED_IN_DIALECT,REJECT:UNSUPPORTED_IN_DIALECT,REJECT:UNSUPPORTED_IN_DIALECT,REJECT:UNSUPPORTED_IN_DIALECT,REJECT:UNSUPPORTED_IN_DIALECT,REJECT:UNSUPPORTED_IN_DIALECT
F_STORAGE_SET_PARTITION_FILESPACE,FG_DDL_SQL,RS_COMMAND_STATUS,native,3050,IMPLEMENT,REJECT:UNSUPPORTED_IN_DIALECT,REJECT:UNSUPPORTED_IN_DIALECT,REJECT:UNSUPPORTED_IN_DIALECT,REJECT:UNSUPPORTED_IN_DIALECT,REJECT:UNSUPPORTED_IN_DIALECT,REJECT:UNSUPPORTED_IN_DIALECT,REJECT:UNSUPPORTED_IN_DIALECT,REJECT:UNSUPPORTED_IN_DIALECT
F_STORAGE_SPLIT_PARTITION_BOUNDARY,FG_DDL_SQL,RS_COMMAND_STATUS,native,3051,IMPLEMENT,REJECT:UNSUPPORTED_IN_DIALECT,REJECT:UNSUPPORTED_IN_DIALECT,REJECT:UNSUPPORTED_IN_DIALECT,REJECT:UNSUPPORTED_IN_DIALECT,REJECT:UNSUPPORTED_IN_DIALECT,REJECT:UNSUPPORTED_IN_DIALECT,REJECT:UNSUPPORTED_IN_DIALECT,REJECT:UNSUPPORTED_IN_DIALECT
F_STORAGE_RELOCATE_TABLE,FG_DDL_SQL,RS_COMMAND_STATUS,native,3052,IMPLEMENT,REJECT:UNSUPPORTED_IN_DIALECT,REJECT:UNSUPPORTED_IN_DIALECT,REJECT:UNSUPPORTED_IN_DIALECT,REJECT:UNSUPPORTED_IN_DIALECT,REJECT:UNSUPPORTED_IN_DIALECT,REJECT:UNSUPPORTED_IN_DIALECT,REJECT:UNSUPPORTED_IN_DIALECT,REJECT:UNSUPPORTED_IN_DIALECT
F_STORAGE_RELOCATE_LOB,FG_DDL_SQL,RS_COMMAND_STATUS,native,3053,IMPLEMENT,REJECT:UNSUPPORTED_IN_DIALECT,REJECT:UNSUPPORTED_IN_DIALECT,REJECT:UNSUPPORTED_IN_DIALECT,REJECT:UNSUPPORTED_IN_DIALECT,REJECT:UNSUPPORTED_IN_DIALECT,REJECT:UNSUPPORTED_IN_DIALECT,REJECT:UNSUPPORTED_IN_DIALECT,REJECT:UNSUPPORTED_IN_DIALECT
F_STORAGE_SHOW_MIGRATION,FG_ADMIN,RS_ROWSET,native,7007,IMPLEMENT,REJECT:UNSUPPORTED_IN_DIALECT,REJECT:UNSUPPORTED_IN_DIALECT,REJECT:UNSUPPORTED_IN_DIALECT,REJECT:UNSUPPORTED_IN_DIALECT,REJECT:UNSUPPORTED_IN_DIALECT,REJECT:UNSUPPORTED_IN_DIALECT,REJECT:UNSUPPORTED_IN_DIALECT,REJECT:UNSUPPORTED_IN_DIALECT
F_SHOW_BLOB_FILTERS,FG_ADMIN,RS_ROWSET,firebird;native,7008,IMPLEMENT,IMPLEMENT,REJECT:UNSUPPORTED_IN_DIALECT,REJECT:UNSUPPORTED_IN_DIALECT,REJECT:UNSUPPORTED_IN_DIALECT,REJECT:UNSUPPORTED_IN_DIALECT,REJECT:UNSUPPORTED_IN_DIALECT,REJECT:UNSUPPORTED_IN_DIALECT,REJECT:UNSUPPORTED_IN_DIALECT
