case_id,input_sql,expected_feature_key,expected_decision,expected_result_shape,expected_error_code,source_spec,notes
M-001,"SELECT id,total FROM orders;",F_DML_SELECT,ACCEPT,RS_ROWSET,,21_V3_Dialect_Surface/NATIVE_DML_LANGUAGE_DEFINITION.md,Basic select
M-002,"SELECT id FROM orders HAVING count(*) > 1;",,REJECT,,E_CLAUSE_REQUIRED_MISSING,21_V3_Dialect_Surface/NATIVE_PARSER_NORMALIZATION_AND_REJECTION_MATRIX.md,HAVING requires GROUP BY
M-003,"SELECT id FROM orders FOR UPDATE WHERE id > 1;",,REJECT,,E_CLAUSE_ORDER_INVALID,21_V3_Dialect_Surface/NATIVE_PARSER_NORMALIZATION_AND_REJECTION_MATRIX.md,Lock clause must be last
M-004,"SELECT id FROM orders WHERE id > 1 WHERE id < 10;",,REJECT,,E_CLAUSE_DUPLICATE,21_V3_Dialect_Surface/NATIVE_PARSER_NORMALIZATION_AND_REJECTION_MATRIX.md,Duplicate WHERE
M-005,"INSERT INTO orders(id,total) VALUES (1,9.99);",F_DML_INSERT,ACCEPT,RS_MUTATION_SUMMARY,,21_V3_Dialect_Surface/NATIVE_DML_LANGUAGE_DEFINITION.md,Insert without returning
M-006,"INSERT INTO orders(id,total) VALUES (1,9.99) RETURNING id;",F_DML_RETURNING,ACCEPT,RS_ROWSET,,21_V3_Dialect_Surface/NATIVE_DML_LANGUAGE_DEFINITION.md,Insert with returning
M-007,"INSERT INTO orders(id) VALUES (1) DEFAULT VALUES;",,REJECT,,E_CLAUSE_CONFLICT,21_V3_Dialect_Surface/NATIVE_PARSER_NORMALIZATION_AND_REJECTION_MATRIX.md,Multiple source forms not allowed
M-008,"INSERT INTO orders(id) VALUES (1) RETURNING id ON CONFLICT (id) DO NOTHING;",,REJECT,,E_CLAUSE_ORDER_INVALID,21_V3_Dialect_Surface/NATIVE_PARSER_NORMALIZATION_AND_REJECTION_MATRIX.md,ON CONFLICT must precede RETURNING
M-009,"UPDATE orders SET total = total + 1 WHERE id = 1;",F_DML_UPDATE,ACCEPT,RS_MUTATION_SUMMARY,,21_V3_Dialect_Surface/NATIVE_DML_LANGUAGE_DEFINITION.md,Update without returning
M-010,"UPDATE orders SET total = total + 1 RETURNING id,total;",F_DML_RETURNING,ACCEPT,RS_ROWSET,,21_V3_Dialect_Surface/NATIVE_DML_LANGUAGE_DEFINITION.md,Update with returning
M-011,"UPDATE orders WHERE id = 1;",,REJECT,,E_CLAUSE_REQUIRED_MISSING,21_V3_Dialect_Surface/NATIVE_PARSER_NORMALIZATION_AND_REJECTION_MATRIX.md,SET clause mandatory
M-012,"DELETE FROM orders WHERE id = 1;",F_DML_DELETE,ACCEPT,RS_MUTATION_SUMMARY,,21_V3_Dialect_Surface/NATIVE_DML_LANGUAGE_DEFINITION.md,Delete without returning
M-013,"DELETE FROM orders RETURNING id;",F_DML_RETURNING,ACCEPT,RS_ROWSET,,21_V3_Dialect_Surface/NATIVE_DML_LANGUAGE_DEFINITION.md,Delete with returning
M-014,"DELETE FROM orders RETURNING id WHERE id = 1;",,REJECT,,E_CLAUSE_ORDER_INVALID,21_V3_Dialect_Surface/NATIVE_PARSER_NORMALIZATION_AND_REJECTION_MATRIX.md,RETURNING must be terminal
M-015,"MERGE INTO dst USING src ON dst.id=src.id WHEN MATCHED THEN UPDATE SET total=src.total;",F_DML_MERGE,ACCEPT,RS_MUTATION_SUMMARY,,21_V3_Dialect_Surface/NATIVE_DML_LANGUAGE_DEFINITION.md,Merge basic
M-016,"MERGE INTO dst USING src ON dst.id=src.id RETURNING dst.id;",,REJECT,,E_CLAUSE_REQUIRED_MISSING,21_V3_Dialect_Surface/NATIVE_PARSER_NORMALIZATION_AND_REJECTION_MATRIX.md,MERGE requires WHEN clause
M-017,"MERGE INTO dst USING src ON dst.id=src.id WHEN MATCHED THEN UPDATE SET total=src.total RETURNING dst.id;",F_DML_RETURNING,ACCEPT,RS_ROWSET,,21_V3_Dialect_Surface/NATIVE_DML_LANGUAGE_DEFINITION.md,Merge with returning
M-018,"COPY orders FROM '/tmp/orders.csv' WITH (format='csv');",F_DML_COPY_BULK,ACCEPT,RS_STREAM_STATUS,,21_V3_Dialect_Surface/NATIVE_DML_LANGUAGE_DEFINITION.md,Copy from source
M-019,"COPY orders FROM '/tmp/in.csv' TO '/tmp/out.csv';",,REJECT,,E_CLAUSE_CONFLICT,21_V3_Dialect_Surface/NATIVE_PARSER_NORMALIZATION_AND_REJECTION_MATRIX.md,FROM and TO conflict
M-020,"PREPARE p1 (INT) AS SELECT id FROM orders WHERE id = $1;",F_PREPARE_STATEMENT,ACCEPT,RS_COMMAND_STATUS,,21_V3_Dialect_Surface/NATIVE_DML_LANGUAGE_DEFINITION.md,Prepare statement
M-021,"EXECUTE p_missing USING 1;",,REJECT,,E_OPTION_VALUE_INVALID,21_V3_Dialect_Surface/NATIVE_PARSER_NORMALIZATION_AND_REJECTION_MATRIX.md,Unknown prepared statement
M-022,"EXECUTE p1 USING 1 USING 2;",,REJECT,,E_CLAUSE_DUPLICATE,21_V3_Dialect_Surface/NATIVE_PARSER_NORMALIZATION_AND_REJECTION_MATRIX.md,Duplicate USING clause
M-023,"DEALLOCATE p1;",F_DEALLOCATE_PREPARED,ACCEPT,RS_COMMAND_STATUS,,21_V3_Dialect_Surface/NATIVE_DML_LANGUAGE_DEFINITION.md,Deallocate prepared
M-024,"NOTIFY order_events, 'new';",F_NOTIFY_PUBLISH,ACCEPT,RS_COMMAND_STATUS,,21_V3_Dialect_Surface/NATIVE_DML_LANGUAGE_DEFINITION.md,Notify publish
M-025,"LISTEN order_events;",F_NOTIFY_SUBSCRIBE,ACCEPT,RS_COMMAND_STATUS,,21_V3_Dialect_Surface/NATIVE_DML_LANGUAGE_DEFINITION.md,Listen subscribe
M-026,"UNLISTEN *;",F_NOTIFY_UNSUBSCRIBE,ACCEPT,RS_COMMAND_STATUS,,21_V3_Dialect_Surface/NATIVE_DML_LANGUAGE_DEFINITION.md,Unlisten wildcard
M-027,"SELECT total FROM orders WHERE id = $2;",,REJECT,,E_PARAMETER_COUNT_MISMATCH,21_V3_Dialect_Surface/NATIVE_DML_LANGUAGE_DEFINITION.md,Missing required parameter
M-028,"SELECT total FROM missing_orders;",,REJECT,,E_BIND_UNKNOWN_RELATION,21_V3_Dialect_Surface/NATIVE_DML_LANGUAGE_DEFINITION.md,Unknown relation binding
M-029,"SELECT id FROM o1 JOIN o2 ON o1.k=o2.k WHERE k=1;",,REJECT,,E_BIND_AMBIGUOUS_COLUMN,21_V3_Dialect_Surface/NATIVE_DML_LANGUAGE_DEFINITION.md,Ambiguous unqualified column
M-030,"UPDATE orders SET [sb_col]row_uuid = 'x';",,REJECT,,E_SYSTEM_COLUMN_WRITE_FORBIDDEN,21_V3_Dialect_Surface/NATIVE_DML_LANGUAGE_DEFINITION.md,Forbidden system column write
M-031,"INSERT INTO orders(id,total) VALUES (1,'abc');",,REJECT,,E_PARAMETER_TYPE_MISMATCH,21_V3_Dialect_Surface/NATIVE_DML_LANGUAGE_DEFINITION.md,Type mismatch
M-032,"INSERT INTO orders(id,total) VALUES (1,10) ON CONFLICT (id) DO UPDATE SET total = excluded.total RETURNING id;",F_DML_RETURNING,ACCEPT,RS_ROWSET,,21_V3_Dialect_Surface/NATIVE_DML_LANGUAGE_DEFINITION.md,Upsert with returning
