getter	page_var	total_refs_src_include_tests	file_count	files
databaseTablePage	database_table_page_	16	3	include/scratchbird/core/catalog_manager.h,src/core/catalog_manager.cpp,tests/unit/test_catalog_full_extract.cpp
objectTablePage	object_table_page_	36	3	include/scratchbird/core/catalog_manager.h,src/core/catalog_manager.cpp,tests/unit/test_catalog_full_extract.cpp
objectNameTablePage	object_name_table_page_	16	3	include/scratchbird/core/catalog_manager.h,src/core/catalog_manager.cpp,tests/unit/test_catalog_full_extract.cpp
domainsTablePage	domains_table_page_	23	5	include/scratchbird/core/domain_manager.h,src/core/domain_manager.cpp,include/scratchbird/core/catalog_manager.h,src/core/catalog_manager.cpp,tests/unit/test_catalog_full_extract.cpp
typeTablePage	type_table_page_	42	3	include/scratchbird/core/catalog_manager.h,src/core/catalog_manager.cpp,tests/unit/test_catalog_full_extract.cpp
typeModifiersTablePage	type_modifiers_table_page_	14	3	include/scratchbird/core/catalog_manager.h,src/core/catalog_manager.cpp,tests/unit/test_catalog_full_extract.cpp
typeIoTablePage	type_io_table_page_	15	3	include/scratchbird/core/catalog_manager.h,src/core/catalog_manager.cpp,tests/unit/test_catalog_full_extract.cpp
typeCastsTablePage	type_casts_table_page_	15	3	include/scratchbird/core/catalog_manager.h,src/core/catalog_manager.cpp,tests/unit/test_catalog_full_extract.cpp
typeTransformsTablePage	type_transforms_table_page_	17	3	src/core/catalog_manager.cpp,include/scratchbird/core/catalog_manager.h,tests/unit/test_catalog_full_extract.cpp
encodingConversionsTablePage	encoding_conversions_table_page_	18	3	include/scratchbird/core/catalog_manager.h,src/core/catalog_manager.cpp,tests/unit/test_catalog_full_extract.cpp
domainParamKeysTablePage	domain_param_keys_table_page_	18	3	include/scratchbird/core/catalog_manager.h,src/core/catalog_manager.cpp,tests/unit/test_catalog_full_extract.cpp
domainParametersTablePage	domain_parameters_table_page_	15	3	include/scratchbird/core/catalog_manager.h,src/core/catalog_manager.cpp,tests/unit/test_catalog_full_extract.cpp
domainConstraintsTablePage	domain_constraints_table_page_	15	3	include/scratchbird/core/catalog_manager.h,src/core/catalog_manager.cpp,tests/unit/test_catalog_full_extract.cpp
domainSecurityTablePage	domain_security_table_page_	15	3	include/scratchbird/core/catalog_manager.h,src/core/catalog_manager.cpp,tests/unit/test_catalog_full_extract.cpp
domainValidationTablePage	domain_validation_table_page_	15	3	include/scratchbird/core/catalog_manager.h,src/core/catalog_manager.cpp,tests/unit/test_catalog_full_extract.cpp
domainIntegrityTablePage	domain_integrity_table_page_	15	3	include/scratchbird/core/catalog_manager.h,src/core/catalog_manager.cpp,tests/unit/test_catalog_full_extract.cpp
charsetAliasesTablePage	charset_aliases_table_page_	17	3	include/scratchbird/core/catalog_manager.h,src/core/catalog_manager.cpp,tests/unit/test_catalog_full_extract.cpp
collationTailoringTablePage	collation_tailoring_table_page_	16	3	include/scratchbird/core/catalog_manager.h,src/core/catalog_manager.cpp,tests/unit/test_catalog_full_extract.cpp
resourceBundlesTablePage	resource_bundles_table_page_	21	3	include/scratchbird/core/catalog_manager.h,src/core/catalog_manager.cpp,tests/unit/test_catalog_full_extract.cpp
resourceArtifactsTablePage	resource_artifacts_table_page_	16	3	include/scratchbird/core/catalog_manager.h,src/core/catalog_manager.cpp,tests/unit/test_catalog_full_extract.cpp
timezoneTransitionsTablePage	timezone_transitions_table_page_	17	3	include/scratchbird/core/catalog_manager.h,src/core/catalog_manager.cpp,tests/unit/test_catalog_full_extract.cpp
timezoneLeapSecondsTablePage	timezone_leap_seconds_table_page_	16	3	include/scratchbird/core/catalog_manager.h,src/core/catalog_manager.cpp,tests/unit/test_catalog_full_extract.cpp
reservedWordsTablePage	reserved_words_table_page_	17	3	include/scratchbird/core/catalog_manager.h,src/core/catalog_manager.cpp,tests/unit/test_catalog_full_extract.cpp
emulationProfileTablePage	emulation_profile_table_page_	17	3	include/scratchbird/core/catalog_manager.h,src/core/catalog_manager.cpp,tests/unit/test_catalog_full_extract.cpp
parserProfilesTablePage	parser_profiles_table_page_	24	3	include/scratchbird/core/catalog_manager.h,src/core/catalog_manager.cpp,tests/unit/test_catalog_full_extract.cpp
parserCapabilityEntriesTablePage	parser_capability_entries_table_page_	16	3	include/scratchbird/core/catalog_manager.h,src/core/catalog_manager.cpp,tests/unit/test_catalog_full_extract.cpp
parserTransformEntriesTablePage	parser_transform_entries_table_page_	17	3	include/scratchbird/core/catalog_manager.h,src/core/catalog_manager.cpp,tests/unit/test_catalog_full_extract.cpp
parserErrorMapEntriesTablePage	parser_error_map_entries_table_page_	17	3	include/scratchbird/core/catalog_manager.h,src/core/catalog_manager.cpp,tests/unit/test_catalog_full_extract.cpp
parserFeaturePrecedenceTablePage	parser_feature_precedence_table_page_	17	3	include/scratchbird/core/catalog_manager.h,src/core/catalog_manager.cpp,tests/unit/test_catalog_full_extract.cpp
partitionedTablesTablePage	partitioned_tables_table_page_	17	3	include/scratchbird/core/catalog_manager.h,src/core/catalog_manager.cpp,tests/unit/test_catalog_full_extract.cpp
partitionsTablePage	partitions_table_page_	18	3	include/scratchbird/core/catalog_manager.h,src/core/catalog_manager.cpp,tests/unit/test_catalog_full_extract.cpp
tableInheritanceTablePage	table_inheritance_table_page_	16	3	include/scratchbird/core/catalog_manager.h,src/core/catalog_manager.cpp,tests/unit/test_catalog_full_extract.cpp
languagesTablePage	languages_table_page_	17	3	include/scratchbird/core/catalog_manager.h,src/core/catalog_manager.cpp,tests/unit/test_catalog_full_extract.cpp
eventsTablePage	events_table_page_	16	3	include/scratchbird/core/catalog_manager.h,src/core/catalog_manager.cpp,tests/unit/test_catalog_full_extract.cpp
packageMembersTablePage	package_members_table_page_	16	3	include/scratchbird/core/catalog_manager.h,src/core/catalog_manager.cpp,tests/unit/test_catalog_full_extract.cpp
indexColumnsTablePage	index_columns_table_page_	16	3	include/scratchbird/core/catalog_manager.h,src/core/catalog_manager.cpp,tests/unit/test_catalog_full_extract.cpp
indexOpclassTablePage	index_opclass_table_page_	18	3	include/scratchbird/core/catalog_manager.h,src/core/catalog_manager.cpp,tests/unit/test_catalog_full_extract.cpp
indexOpclassFunctionTablePage	index_opclass_fn_table_page_	16	3	include/scratchbird/core/catalog_manager.h,src/core/catalog_manager.cpp,tests/unit/test_catalog_full_extract.cpp
indexOptionsTablePage	index_options_table_page_	15	3	include/scratchbird/core/catalog_manager.h,src/core/catalog_manager.cpp,tests/unit/test_catalog_full_extract.cpp
indexAccessMethodsTablePage	index_access_methods_table_page_	17	3	include/scratchbird/core/catalog_manager.h,src/core/catalog_manager.cpp,tests/unit/test_catalog_full_extract.cpp
indexMaintenanceTablePage	index_maintenance_table_page_	17	3	include/scratchbird/core/catalog_manager.h,src/core/catalog_manager.cpp,tests/unit/test_catalog_full_extract.cpp
indexMaintenanceDeltasTablePage	index_maintenance_deltas_table_page_	15	3	include/scratchbird/core/catalog_manager.h,src/core/catalog_manager.cpp,tests/unit/test_catalog_full_extract.cpp
indexBuildDeltasTablePage	index_build_deltas_table_page_	15	3	include/scratchbird/core/catalog_manager.h,src/core/catalog_manager.cpp,tests/unit/test_catalog_full_extract.cpp
indexStatsTablePage	index_stats_table_page_	15	3	include/scratchbird/core/catalog_manager.h,src/core/catalog_manager.cpp,tests/unit/test_catalog_full_extract.cpp
indexUsageTablePage	index_usage_table_page_	15	3	include/scratchbird/core/catalog_manager.h,src/core/catalog_manager.cpp,tests/unit/test_catalog_full_extract.cpp
indexContentionTablePage	index_contention_table_page_	15	3	include/scratchbird/core/catalog_manager.h,src/core/catalog_manager.cpp,tests/unit/test_catalog_full_extract.cpp
indexStorageTablePage	index_storage_table_page_	15	3	include/scratchbird/core/catalog_manager.h,src/core/catalog_manager.cpp,tests/unit/test_catalog_full_extract.cpp
indexHealthTablePage	index_health_table_page_	15	3	include/scratchbird/core/catalog_manager.h,src/core/catalog_manager.cpp,tests/unit/test_catalog_full_extract.cpp
filespaceStatsTablePage	filespace_stats_table_page_	15	3	include/scratchbird/core/catalog_manager.h,src/core/catalog_manager.cpp,tests/unit/test_catalog_full_extract.cpp
lobTablePage	lob_table_page_	16	3	include/scratchbird/core/catalog_manager.h,src/core/catalog_manager.cpp,tests/unit/test_catalog_full_extract.cpp
lobPageTablePage	lob_page_table_page_	16	3	include/scratchbird/core/catalog_manager.h,src/core/catalog_manager.cpp,tests/unit/test_catalog_full_extract.cpp
backupHistoryTablePage	backup_history_table_page_	15	3	include/scratchbird/core/catalog_manager.h,src/core/catalog_manager.cpp,tests/unit/test_catalog_full_extract.cpp
connectionTablePage	connection_table_page_	16	3	include/scratchbird/core/catalog_manager.h,src/core/catalog_manager.cpp,tests/unit/test_catalog_full_extract.cpp
transactionTablePage	transaction_table_page_	17	3	include/scratchbird/core/catalog_manager.h,src/core/catalog_manager.cpp,tests/unit/test_catalog_full_extract.cpp
authMappingTablePage	auth_mapping_table_page_	16	3	include/scratchbird/core/catalog_manager.h,src/core/catalog_manager.cpp,tests/unit/test_catalog_full_extract.cpp
authProviderTablePage	auth_provider_table_page_	18	3	include/scratchbird/core/catalog_manager.h,src/core/catalog_manager.cpp,tests/unit/test_catalog_full_extract.cpp
authPolicyTablePage	auth_policy_table_page_	18	3	include/scratchbird/core/catalog_manager.h,src/core/catalog_manager.cpp,tests/unit/test_catalog_full_extract.cpp
authAttemptLogTablePage	auth_attempt_log_table_page_	19	3	include/scratchbird/core/catalog_manager.h,src/core/catalog_manager.cpp,tests/unit/test_catalog_full_extract.cpp
connectionRuleTablePage	connection_rule_table_page_	18	3	include/scratchbird/core/catalog_manager.h,src/core/catalog_manager.cpp,tests/unit/test_catalog_full_extract.cpp
connectionRuleEpochTablePage	connection_rule_epoch_table_page_	14	3	include/scratchbird/core/catalog_manager.h,src/core/catalog_manager.cpp,tests/unit/test_catalog_full_extract.cpp
roleSettingTablePage	role_setting_table_page_	16	3	include/scratchbird/core/catalog_manager.h,src/core/catalog_manager.cpp,tests/unit/test_catalog_full_extract.cpp
securityLabelTablePage	security_label_table_page_	16	3	include/scratchbird/core/catalog_manager.h,src/core/catalog_manager.cpp,tests/unit/test_catalog_full_extract.cpp
securityClassTablePage	security_class_table_page_	16	3	include/scratchbird/core/catalog_manager.h,src/core/catalog_manager.cpp,tests/unit/test_catalog_full_extract.cpp
certRegistryTablePage	cert_registry_table_page_	16	3	include/scratchbird/core/catalog_manager.h,src/core/catalog_manager.cpp,tests/unit/test_catalog_full_extract.cpp
privateKeyStoreTablePage	private_key_store_table_page_	16	3	include/scratchbird/core/catalog_manager.h,src/core/catalog_manager.cpp,tests/unit/test_catalog_full_extract.cpp
trustAnchorTablePage	trust_anchor_table_page_	15	3	include/scratchbird/core/catalog_manager.h,src/core/catalog_manager.cpp,tests/unit/test_catalog_full_extract.cpp
channelCertBindingTablePage	channel_cert_binding_table_page_	16	3	include/scratchbird/core/catalog_manager.h,src/core/catalog_manager.cpp,tests/unit/test_catalog_full_extract.cpp
certRevocationTablePage	cert_revocation_table_page_	16	3	include/scratchbird/core/catalog_manager.h,src/core/catalog_manager.cpp,tests/unit/test_catalog_full_extract.cpp
pkiDistributionStateTablePage	pki_distribution_state_table_page_	15	3	include/scratchbird/core/catalog_manager.h,src/core/catalog_manager.cpp,tests/unit/test_catalog_full_extract.cpp
trustAnchorRolloverTablePage	trust_anchor_rollover_table_page_	15	3	include/scratchbird/core/catalog_manager.h,src/core/catalog_manager.cpp,tests/unit/test_catalog_full_extract.cpp
encryptionProfileTablePage	encryption_profile_table_page_	17	3	include/scratchbird/core/catalog_manager.h,src/core/catalog_manager.cpp,tests/unit/test_catalog_full_extract.cpp
encryptionKeyTablePage	encryption_key_table_page_	21	3	include/scratchbird/core/catalog_manager.h,src/core/catalog_manager.cpp,tests/unit/test_catalog_full_extract.cpp
encryptionKeyShardTablePage	encryption_key_shard_table_page_	16	3	include/scratchbird/core/catalog_manager.h,src/core/catalog_manager.cpp,tests/unit/test_catalog_full_extract.cpp
encryptionBootstrapInfoTablePage	encryption_bootstrap_info_table_page_	14	3	include/scratchbird/core/catalog_manager.h,src/core/catalog_manager.cpp,tests/unit/test_catalog_full_extract.cpp
nodeTablePage	node_table_page_	30	3	include/scratchbird/core/catalog_manager.h,src/core/catalog_manager.cpp,tests/unit/test_catalog_full_extract.cpp
nodeRoleBindingTablePage	node_role_binding_table_page_	16	3	include/scratchbird/core/catalog_manager.h,src/core/catalog_manager.cpp,tests/unit/test_catalog_full_extract.cpp
nodeServiceTablePage	node_service_table_page_	16	3	include/scratchbird/core/catalog_manager.h,src/core/catalog_manager.cpp,tests/unit/test_catalog_full_extract.cpp
nodeCapabilityTablePage	node_capability_table_page_	16	3	include/scratchbird/core/catalog_manager.h,src/core/catalog_manager.cpp,tests/unit/test_catalog_full_extract.cpp
clockPolicyTablePage	clock_policy_table_page_	17	3	include/scratchbird/core/catalog_manager.h,src/core/catalog_manager.cpp,tests/unit/test_catalog_full_extract.cpp
clockSourceTablePage	clock_source_table_page_	15	3	include/scratchbird/core/catalog_manager.h,src/core/catalog_manager.cpp,tests/unit/test_catalog_full_extract.cpp
nodeClockStateTablePage	node_clock_state_table_page_	15	3	include/scratchbird/core/catalog_manager.h,src/core/catalog_manager.cpp,tests/unit/test_catalog_full_extract.cpp
clockViolationEventTablePage	clock_violation_event_table_page_	14	3	include/scratchbird/core/catalog_manager.h,src/core/catalog_manager.cpp,tests/unit/test_catalog_full_extract.cpp
clusterTablePage	cluster_table_page_	20	3	include/scratchbird/core/catalog_manager.h,src/core/catalog_manager.cpp,tests/unit/test_catalog_full_extract.cpp
shardPolicyTablePage	shard_policy_table_page_	18	3	include/scratchbird/core/catalog_manager.h,src/core/catalog_manager.cpp,tests/unit/test_catalog_full_extract.cpp
shardPolicyParamTablePage	shard_policy_param_table_page_	16	3	include/scratchbird/core/catalog_manager.h,src/core/catalog_manager.cpp,tests/unit/test_catalog_full_extract.cpp
shardKeyTablePage	shard_key_table_page_	17	3	include/scratchbird/core/catalog_manager.h,src/core/catalog_manager.cpp,tests/unit/test_catalog_full_extract.cpp
shardTablePage	shard_table_page_	37	3	src/core/catalog_manager.cpp,include/scratchbird/core/catalog_manager.h,tests/unit/test_catalog_full_extract.cpp
shardScopeTablePage	shard_scope_table_page_	16	3	include/scratchbird/core/catalog_manager.h,src/core/catalog_manager.cpp,tests/unit/test_catalog_full_extract.cpp
shardRangeTablePage	shard_range_table_page_	16	3	include/scratchbird/core/catalog_manager.h,src/core/catalog_manager.cpp,tests/unit/test_catalog_full_extract.cpp
shardReplicaTablePage	shard_replica_table_page_	16	3	include/scratchbird/core/catalog_manager.h,src/core/catalog_manager.cpp,tests/unit/test_catalog_full_extract.cpp
shardMigrationTablePage	shard_migration_table_page_	15	3	include/scratchbird/core/catalog_manager.h,src/core/catalog_manager.cpp,tests/unit/test_catalog_full_extract.cpp
shardZoneTablePage	shard_zone_table_page_	17	3	include/scratchbird/core/catalog_manager.h,src/core/catalog_manager.cpp,tests/unit/test_catalog_full_extract.cpp
shardZoneRangeTablePage	shard_zone_range_table_page_	16	3	include/scratchbird/core/catalog_manager.h,src/core/catalog_manager.cpp,tests/unit/test_catalog_full_extract.cpp
workloadClassTablePage	workload_class_table_page_	18	3	include/scratchbird/core/catalog_manager.h,src/core/catalog_manager.cpp,tests/unit/test_catalog_full_extract.cpp
workloadRouteTablePage	workload_route_table_page_	17	3	include/scratchbird/core/catalog_manager.h,src/core/catalog_manager.cpp,tests/unit/test_catalog_full_extract.cpp
admissionPolicyTablePage	admission_policy_table_page_	17	3	include/scratchbird/core/catalog_manager.h,src/core/catalog_manager.cpp,tests/unit/test_catalog_full_extract.cpp
admissionBindingTablePage	admission_binding_table_page_	16	3	include/scratchbird/core/catalog_manager.h,src/core/catalog_manager.cpp,tests/unit/test_catalog_full_extract.cpp
sloProfileTablePage	slo_profile_table_page_	17	3	include/scratchbird/core/catalog_manager.h,src/core/catalog_manager.cpp,tests/unit/test_catalog_full_extract.cpp
sloBindingTablePage	slo_binding_table_page_	15	3	include/scratchbird/core/catalog_manager.h,src/core/catalog_manager.cpp,tests/unit/test_catalog_full_extract.cpp
sloWindowTablePage	slo_window_table_page_	14	3	include/scratchbird/core/catalog_manager.h,src/core/catalog_manager.cpp,tests/unit/test_catalog_full_extract.cpp
sloBurnEventTablePage	slo_burn_event_table_page_	14	3	include/scratchbird/core/catalog_manager.h,src/core/catalog_manager.cpp,tests/unit/test_catalog_full_extract.cpp
autoscalePolicyTablePage	autoscale_policy_table_page_	15	3	include/scratchbird/core/catalog_manager.h,src/core/catalog_manager.cpp,tests/unit/test_catalog_full_extract.cpp
autoscaleActionTablePage	autoscale_action_table_page_	14	3	include/scratchbird/core/catalog_manager.h,src/core/catalog_manager.cpp,tests/unit/test_catalog_full_extract.cpp
admissionTuningEventTablePage	admission_tuning_event_table_page_	14	3	include/scratchbird/core/catalog_manager.h,tests/unit/test_catalog_full_extract.cpp,src/core/catalog_manager.cpp
clusterPolicyTablePage	cluster_policy_table_page_	17	3	include/scratchbird/core/catalog_manager.h,src/core/catalog_manager.cpp,tests/unit/test_catalog_full_extract.cpp
failureDetectorTablePage	failure_detector_table_page_	16	3	include/scratchbird/core/catalog_manager.h,src/core/catalog_manager.cpp,tests/unit/test_catalog_full_extract.cpp
alertRuleTablePage	alert_rule_table_page_	18	3	include/scratchbird/core/catalog_manager.h,src/core/catalog_manager.cpp,tests/unit/test_catalog_full_extract.cpp
alertTargetTablePage	alert_target_table_page_	17	3	include/scratchbird/core/catalog_manager.h,src/core/catalog_manager.cpp,tests/unit/test_catalog_full_extract.cpp
alertRouteTablePage	alert_route_table_page_	16	3	include/scratchbird/core/catalog_manager.h,src/core/catalog_manager.cpp,tests/unit/test_catalog_full_extract.cpp
alertEventTablePage	alert_event_table_page_	16	3	include/scratchbird/core/catalog_manager.h,src/core/catalog_manager.cpp,tests/unit/test_catalog_full_extract.cpp
alertAckTablePage	alert_ack_table_page_	14	3	include/scratchbird/core/catalog_manager.h,src/core/catalog_manager.cpp,tests/unit/test_catalog_full_extract.cpp
alertSilenceTablePage	alert_silence_table_page_	14	3	include/scratchbird/core/catalog_manager.h,src/core/catalog_manager.cpp,tests/unit/test_catalog_full_extract.cpp
networkPartitionEventTablePage	network_partition_event_table_page_	15	3	include/scratchbird/core/catalog_manager.h,src/core/catalog_manager.cpp,tests/unit/test_catalog_full_extract.cpp
networkPartitionMemberTablePage	network_partition_member_table_page_	15	3	include/scratchbird/core/catalog_manager.h,src/core/catalog_manager.cpp,tests/unit/test_catalog_full_extract.cpp
healingPolicyTablePage	healing_policy_table_page_	18	3	include/scratchbird/core/catalog_manager.h,src/core/catalog_manager.cpp,tests/unit/test_catalog_full_extract.cpp
healingActionTablePage	healing_action_table_page_	18	3	include/scratchbird/core/catalog_manager.h,src/core/catalog_manager.cpp,tests/unit/test_catalog_full_extract.cpp
healingActionParamTablePage	healing_action_param_table_page_	15	3	include/scratchbird/core/catalog_manager.h,src/core/catalog_manager.cpp,tests/unit/test_catalog_full_extract.cpp
healingRunTablePage	healing_run_table_page_	15	3	include/scratchbird/core/catalog_manager.h,src/core/catalog_manager.cpp,tests/unit/test_catalog_full_extract.cpp
healingStepTablePage	healing_step_table_page_	15	3	include/scratchbird/core/catalog_manager.h,src/core/catalog_manager.cpp,tests/unit/test_catalog_full_extract.cpp
jobTypeTablePage	job_type_table_page_	18	3	include/scratchbird/core/catalog_manager.h,src/core/catalog_manager.cpp,tests/unit/test_catalog_full_extract.cpp
jobTypeParamTablePage	job_type_param_table_page_	15	3	include/scratchbird/core/catalog_manager.h,src/core/catalog_manager.cpp,tests/unit/test_catalog_full_extract.cpp
jobParamTablePage	job_param_table_page_	15	3	include/scratchbird/core/catalog_manager.h,src/core/catalog_manager.cpp,tests/unit/test_catalog_full_extract.cpp
jobScheduleTablePage	job_schedule_table_page_	14	3	include/scratchbird/core/catalog_manager.h,src/core/catalog_manager.cpp,tests/unit/test_catalog_full_extract.cpp
jobTypePolicyTablePage	job_type_policy_table_page_	15	3	include/scratchbird/core/catalog_manager.h,src/core/catalog_manager.cpp,tests/unit/test_catalog_full_extract.cpp
remoteConnectorTablePage	remote_connector_table_page_	25	3	include/scratchbird/core/catalog_manager.h,src/core/catalog_manager.cpp,tests/unit/test_catalog_full_extract.cpp
remoteConnectorCapabilityTablePage	remote_connector_capability_table_page_	15	3	include/scratchbird/core/catalog_manager.h,src/core/catalog_manager.cpp,tests/unit/test_catalog_full_extract.cpp
remoteMetadataSnapshotTablePage	remote_metadata_snapshot_table_page_	17	3	include/scratchbird/core/catalog_manager.h,src/core/catalog_manager.cpp,tests/unit/test_catalog_full_extract.cpp
remoteMetadataObjectTablePage	remote_metadata_object_table_page_	16	3	include/scratchbird/core/catalog_manager.h,src/core/catalog_manager.cpp,tests/unit/test_catalog_full_extract.cpp
remoteMetadataColumnTablePage	remote_metadata_column_table_page_	16	3	include/scratchbird/core/catalog_manager.h,src/core/catalog_manager.cpp,tests/unit/test_catalog_full_extract.cpp
remoteSchemaMappingTablePage	remote_schema_mapping_table_page_	16	3	include/scratchbird/core/catalog_manager.h,src/core/catalog_manager.cpp,tests/unit/test_catalog_full_extract.cpp
remotePassthroughPolicyTablePage	remote_passthrough_policy_table_page_	16	3	include/scratchbird/core/catalog_manager.h,src/core/catalog_manager.cpp,tests/unit/test_catalog_full_extract.cpp
remotePreparedStatementTablePage	remote_prepared_statement_table_page_	16	3	include/scratchbird/core/catalog_manager.h,src/core/catalog_manager.cpp,tests/unit/test_catalog_full_extract.cpp
remoteTxnBindingTablePage	remote_txn_binding_table_page_	15	3	include/scratchbird/core/catalog_manager.h,src/core/catalog_manager.cpp,tests/unit/test_catalog_full_extract.cpp
remoteExecutionAuditTablePage	remote_execution_audit_table_page_	15	3	include/scratchbird/core/catalog_manager.h,src/core/catalog_manager.cpp,tests/unit/test_catalog_full_extract.cpp
remoteErrorTablePage	remote_error_table_page_	18	3	include/scratchbird/core/catalog_manager.h,src/core/catalog_manager.cpp,tests/unit/test_catalog_full_extract.cpp
extensionTablePage	extensions_table_page_	16	3	include/scratchbird/core/catalog_manager.h,src/core/catalog_manager.cpp,tests/unit/test_catalog_full_extract.cpp
publicationTablePage	publication_table_page_	19	3	include/scratchbird/core/catalog_manager.h,src/core/catalog_manager.cpp,tests/unit/test_catalog_full_extract.cpp
publicationTableLinkTablePage	publication_table_link_table_page_	16	3	include/scratchbird/core/catalog_manager.h,src/core/catalog_manager.cpp,tests/unit/test_catalog_full_extract.cpp
publicationSchemaTablePage	publication_schema_table_page_	16	3	include/scratchbird/core/catalog_manager.h,src/core/catalog_manager.cpp,tests/unit/test_catalog_full_extract.cpp
subscriptionTablePage	subscription_table_page_	18	3	include/scratchbird/core/catalog_manager.h,src/core/catalog_manager.cpp,tests/unit/test_catalog_full_extract.cpp
subscriptionTableLinkTablePage	subscription_table_link_table_page_	16	3	include/scratchbird/core/catalog_manager.h,src/core/catalog_manager.cpp,tests/unit/test_catalog_full_extract.cpp
clusterFabricLinkTablePage	cluster_fabric_link_table_page_	20	3	include/scratchbird/core/catalog_manager.h,src/core/catalog_manager.cpp,tests/unit/test_catalog_full_extract.cpp
clusterFabricSessionTablePage	cluster_fabric_session_table_page_	18	3	include/scratchbird/core/catalog_manager.h,src/core/catalog_manager.cpp,tests/unit/test_catalog_full_extract.cpp
clusterFabricTxnTablePage	cluster_fabric_txn_table_page_	16	3	include/scratchbird/core/catalog_manager.h,src/core/catalog_manager.cpp,tests/unit/test_catalog_full_extract.cpp
clusterFabricTaskTablePage	cluster_fabric_task_table_page_	16	3	include/scratchbird/core/catalog_manager.h,src/core/catalog_manager.cpp,tests/unit/test_catalog_full_extract.cpp
clusterFabricTaskChunkTablePage	cluster_fabric_task_chunk_table_page_	15	3	include/scratchbird/core/catalog_manager.h,src/core/catalog_manager.cpp,tests/unit/test_catalog_full_extract.cpp
clusterFabricEventTablePage	cluster_fabric_event_table_page_	14	3	include/scratchbird/core/catalog_manager.h,src/core/catalog_manager.cpp,tests/unit/test_catalog_full_extract.cpp
clusterFabricErrorTablePage	cluster_fabric_error_table_page_	17	3	include/scratchbird/core/catalog_manager.h,src/core/catalog_manager.cpp,tests/unit/test_catalog_full_extract.cpp
olapWatermarkTablePage	olap_watermark_table_page_	15	3	include/scratchbird/core/catalog_manager.h,src/core/catalog_manager.cpp,tests/unit/test_catalog_full_extract.cpp
olapPartitionTablePage	olap_partition_table_page_	16	3	include/scratchbird/core/catalog_manager.h,src/core/catalog_manager.cpp,tests/unit/test_catalog_full_extract.cpp
olapSegmentTablePage	olap_segment_table_page_	16	3	include/scratchbird/core/catalog_manager.h,src/core/catalog_manager.cpp,tests/unit/test_catalog_full_extract.cpp
olapIngestLogTablePage	olap_ingest_log_table_page_	16	3	include/scratchbird/core/catalog_manager.h,src/core/catalog_manager.cpp,tests/unit/test_catalog_full_extract.cpp
cubeTablePage	cube_table_page_	22	3	include/scratchbird/core/catalog_manager.h,src/core/catalog_manager.cpp,tests/unit/test_catalog_full_extract.cpp
cubeDimensionTablePage	cube_dimension_table_page_	17	3	include/scratchbird/core/catalog_manager.h,tests/unit/test_catalog_full_extract.cpp,src/core/catalog_manager.cpp
cubeLevelTablePage	cube_level_table_page_	17	3	include/scratchbird/core/catalog_manager.h,src/core/catalog_manager.cpp,tests/unit/test_catalog_full_extract.cpp
cubeHierarchyTablePage	cube_hierarchy_table_page_	17	3	include/scratchbird/core/catalog_manager.h,src/core/catalog_manager.cpp,tests/unit/test_catalog_full_extract.cpp
cubeHierarchyLevelTablePage	cube_hierarchy_level_table_page_	16	3	include/scratchbird/core/catalog_manager.h,tests/unit/test_catalog_full_extract.cpp,src/core/catalog_manager.cpp
cubeMeasureTablePage	cube_measure_table_page_	16	3	include/scratchbird/core/catalog_manager.h,src/core/catalog_manager.cpp,tests/unit/test_catalog_full_extract.cpp
cubeMaterializationTablePage	cube_materialization_table_page_	15	3	include/scratchbird/core/catalog_manager.h,tests/unit/test_catalog_full_extract.cpp,src/core/catalog_manager.cpp
cubeRefreshPolicyTablePage	cube_refresh_policy_table_page_	16	3	include/scratchbird/core/catalog_manager.h,tests/unit/test_catalog_full_extract.cpp,src/core/catalog_manager.cpp
cubeJobTablePage	cube_job_table_page_	16	3	include/scratchbird/core/catalog_manager.h,tests/unit/test_catalog_full_extract.cpp,src/core/catalog_manager.cpp
cubeJobStepTablePage	cube_job_step_table_page_	15	3	include/scratchbird/core/catalog_manager.h,tests/unit/test_catalog_full_extract.cpp,src/core/catalog_manager.cpp
cubeStatsTablePage	cube_stats_table_page_	14	3	include/scratchbird/core/catalog_manager.h,src/core/catalog_manager.cpp,tests/unit/test_catalog_full_extract.cpp
tsParserTablePage	ts_parser_table_page_	17	3	include/scratchbird/core/catalog_manager.h,tests/unit/test_catalog_full_extract.cpp,src/core/catalog_manager.cpp
tsTemplateTablePage	ts_template_table_page_	17	3	include/scratchbird/core/catalog_manager.h,src/core/catalog_manager.cpp,tests/unit/test_catalog_full_extract.cpp
tsDictionaryTablePage	ts_dictionary_table_page_	18	3	include/scratchbird/core/catalog_manager.h,tests/unit/test_catalog_full_extract.cpp,src/core/catalog_manager.cpp
tsConfigTablePage	ts_config_table_page_	17	3	include/scratchbird/core/catalog_manager.h,tests/unit/test_catalog_full_extract.cpp,src/core/catalog_manager.cpp
tsConfigMapTablePage	ts_config_map_table_page_	16	3	include/scratchbird/core/catalog_manager.h,tests/unit/test_catalog_full_extract.cpp,src/core/catalog_manager.cpp
blobFilterTablePage	blob_filter_table_page_	16	3	include/scratchbird/core/catalog_manager.h,tests/unit/test_catalog_full_extract.cpp,src/core/catalog_manager.cpp
triggerMessageTablePage	trigger_message_table_page_	16	3	include/scratchbird/core/catalog_manager.h,src/core/catalog_manager.cpp,tests/unit/test_catalog_full_extract.cpp
columnDropHistoryTablePage	column_drop_history_table_page_	15	3	include/scratchbird/core/catalog_manager.h,src/core/catalog_manager.cpp,tests/unit/test_catalog_full_extract.cpp
sblrModuleTablePage	sblr_module_table_page_	20	3	include/scratchbird/core/catalog_manager.h,src/core/catalog_manager.cpp,tests/unit/test_catalog_full_extract.cpp
sblrPlanTablePage	sblr_plan_table_page_	18	3	include/scratchbird/core/catalog_manager.h,src/core/catalog_manager.cpp,tests/unit/test_catalog_full_extract.cpp
sblrPlanDependencyTablePage	sblr_plan_dependency_table_page_	15	3	include/scratchbird/core/catalog_manager.h,tests/unit/test_catalog_full_extract.cpp,src/core/catalog_manager.cpp
sblrStatementNormTablePage	sblr_statement_norm_table_page_	17	3	include/scratchbird/core/catalog_manager.h,src/core/catalog_manager.cpp,tests/unit/test_catalog_full_extract.cpp
sblrArtifactTablePage	sblr_artifact_table_page_	17	3	include/scratchbird/core/catalog_manager.h,src/core/catalog_manager.cpp,tests/unit/test_catalog_full_extract.cpp
sblrArtifactStatsTablePage	sblr_artifact_stats_table_page_	14	3	include/scratchbird/core/catalog_manager.h,src/core/catalog_manager.cpp,tests/unit/test_catalog_full_extract.cpp
sblrCompilerTargetTablePage	sblr_compiler_target_table_page_	15	3	include/scratchbird/core/catalog_manager.h,tests/unit/test_catalog_full_extract.cpp,src/core/catalog_manager.cpp
sblrCompileQueueTablePage	sblr_compile_queue_table_page_	15	3	include/scratchbird/core/catalog_manager.h,tests/unit/test_catalog_full_extract.cpp,src/core/catalog_manager.cpp
replicationChannelTablePage	replication_channel_table_page_	23	3	include/scratchbird/core/catalog_manager.h,src/core/catalog_manager.cpp,tests/unit/test_catalog_full_extract.cpp
replicationChannelMemberTablePage	replication_channel_member_table_page_	22	3	include/scratchbird/core/catalog_manager.h,src/core/catalog_manager.cpp,tests/unit/test_catalog_full_extract.cpp
replicationOriginTablePage	replication_origin_table_page_	21	3	include/scratchbird/core/catalog_manager.h,tests/unit/test_catalog_full_extract.cpp,src/core/catalog_manager.cpp
replicationCursorTablePage	replication_cursor_table_page_	15	3	include/scratchbird/core/catalog_manager.h,tests/unit/test_catalog_full_extract.cpp,src/core/catalog_manager.cpp
replicationOriginProgressTablePage	replication_origin_progress_table_page_	15	3	include/scratchbird/core/catalog_manager.h,src/core/catalog_manager.cpp,tests/unit/test_catalog_full_extract.cpp
replicationTxnBatchTablePage	replication_txn_batch_table_page_	18	3	include/scratchbird/core/catalog_manager.h,src/core/catalog_manager.cpp,tests/unit/test_catalog_full_extract.cpp
replicationApplyLogTablePage	replication_apply_log_table_page_	15	3	include/scratchbird/core/catalog_manager.h,src/core/catalog_manager.cpp,tests/unit/test_catalog_full_extract.cpp
replicationRetryQueueTablePage	replication_retry_queue_table_page_	15	3	include/scratchbird/core/catalog_manager.h,src/core/catalog_manager.cpp,tests/unit/test_catalog_full_extract.cpp
replicationConflictTablePage	replication_conflict_table_page_	14	3	include/scratchbird/core/catalog_manager.h,src/core/catalog_manager.cpp,tests/unit/test_catalog_full_extract.cpp
replicationSplitBrainEventTablePage	replication_split_brain_event_table_page_	14	3	include/scratchbird/core/catalog_manager.h,tests/unit/test_catalog_full_extract.cpp,src/core/catalog_manager.cpp
replicationErrorTablePage	replication_error_table_page_	19	3	include/scratchbird/core/catalog_manager.h,tests/unit/test_catalog_full_extract.cpp,src/core/catalog_manager.cpp
encryptionKeysTablePage	encryption_keys_table_page_	7	3	include/scratchbird/core/catalog_manager.h,tests/unit/test_catalog_full_extract.cpp,src/core/catalog_manager.cpp
