task_id	driver	stream	requirements	description	repo_path	status	requirement_status	owner_agent	depends_on	evidence_path	notes
DLB-JDBC-001	JDBC	S0	JDBCBL-CONN;JDBCBL-TXN;JDBCBL-EXEC;JDBCBL-META;JDBCBL-TYPE;JDBCBL-ERR;JDBCBL-RES	Create full JDBC requirement mapping from JDBC baseline	tracks/alpha/drivers/jdbc	DONE	MET	jdbc-agent	-	tracks/alpha/drivers/jdbc/BASELINE_REQUIREMENT_MAPPING.md	Initialize lane matrix; S0 mapping completed
DLB-JDBC-002	JDBC	S1	JDBCBL-CONN	Implement connection/auth/protocol baseline parity	tracks/alpha/drivers/jdbc	DONE	MET	jdbc-agent	DLB-JDBC-001	tracks/alpha/drivers/jdbc/BASELINE_REQUIREMENT_MAPPING.md	Seeded from S0 mapping snapshot; S1 closed from S0 evidence
DLB-JDBC-003	JDBC	S2	JDBCBL-TXN;JDBCBL-EXEC	Implement transaction and execution parity	tracks/alpha/drivers/jdbc	DONE	MET	jdbc-agent	DLB-JDBC-002	tracks/alpha/drivers/jdbc/BASELINE_REQUIREMENT_MAPPING.md	Seeded from S0 mapping snapshot; Closed from JDBC baseline evidence
DLB-JDBC-004	JDBC	S3	JDBCBL-META	Implement metadata and recursive schema tree parity	tracks/alpha/drivers/jdbc	DONE	MET	jdbc-agent	DLB-JDBC-003	tracks/alpha/drivers/jdbc/BASELINE_REQUIREMENT_MAPPING.md	Metadata-only tree evidence required; Seeded from S0 mapping snapshot; Closed from JDBC baseline evidence
DLB-JDBC-005	JDBC	S4	JDBCBL-TYPE	Implement scalar and advanced type parity	tracks/alpha/drivers/jdbc	DONE	MET	jdbc-agent	DLB-JDBC-003	tracks/alpha/drivers/jdbc/BASELINE_REQUIREMENT_MAPPING.md	Seeded from S0 mapping snapshot; Closed from JDBC baseline evidence
DLB-JDBC-006	JDBC	S5	JDBCBL-ERR;JDBCBL-RES	Implement error mapping, pooling, resilience, observability	tracks/alpha/drivers/jdbc	DONE	MET	jdbc-agent	DLB-JDBC-003	tracks/alpha/drivers/jdbc/BASELINE_REQUIREMENT_MAPPING.md	Seeded from S0 mapping snapshot; Closed from JDBC baseline evidence
DLB-JDBC-007	JDBC	S6	T30-I;T30-J	Execute lane conformance and publish evidence	tracks/alpha/drivers/jdbc	DONE	MET	jdbc-agent	DLB-JDBC-004|DLB-JDBC-005|DLB-JDBC-006	docs/implementation_gates/S6_DRIVER_GATE_RESULTS_2026-03-03.md	Seeded from S0 mapping snapshot; S6 closure: lane gate suite executed and aggregated
DLB-JDBC-008	JDBC	S7	DLB-RQ-010	Close lane gate and promotion decision	tracks/alpha/drivers/jdbc	DONE	MET	jdbc-agent	DLB-JDBC-007	docs/implementation_gates/S7_PROMOTION_DECISIONS_2026-03-03.md	Seeded from S0 mapping snapshot; S7 closure: promotion decision and exception register published
DLB-ODBC-001	ODBC	S0	ODBCBL-CONN;ODBCBL-TXN;ODBCBL-EXEC;ODBCBL-META;ODBCBL-TYPE;ODBCBL-ERR;ODBCBL-RES	Create full ODBC requirement mapping from JDBC baseline	tracks/alpha/drivers/odbc	DONE	MET	odbc-agent	-	tracks/alpha/drivers/odbc/BASELINE_REQUIREMENT_MAPPING.md	Initialize lane matrix; S0 mapping completed
DLB-ODBC-002	ODBC	S1	ODBCBL-CONN	Implement connection/auth/protocol baseline parity	tracks/alpha/drivers/odbc	DONE	MET	odbc-agent	DLB-ODBC-001	tracks/alpha/drivers/odbc/BASELINE_REQUIREMENT_MAPPING.md	Seeded from S0 mapping snapshot; S1 closed from S0 evidence
DLB-ODBC-003	ODBC	S2	ODBCBL-TXN;ODBCBL-EXEC	Implement transaction and execution parity	tracks/alpha/drivers/odbc	DONE	MET	odbc-agent	DLB-ODBC-002	tracks/alpha/drivers/odbc/S2_TXN_EXEC_IMPLEMENTATION.md	Seeded from S0 mapping snapshot; S2 wave1: targeted txn+exec parity tests passed
DLB-ODBC-004	ODBC	S3	ODBCBL-META	Implement metadata and recursive schema tree parity	tracks/alpha/drivers/odbc	DONE	PARTIAL	odbc-agent	DLB-ODBC-003	tracks/alpha/drivers/odbc/S3_METADATA_IMPLEMENTATION.md	Metadata-only tree evidence required; Seeded from S0 mapping snapshot; S3 wave3 evidence: tracks/alpha/drivers/odbc/S3_METADATA_IMPLEMENTATION.md
DLB-ODBC-005	ODBC	S4	ODBCBL-TYPE	Implement scalar and advanced type parity	tracks/alpha/drivers/odbc	DONE	MET	odbc-agent	DLB-ODBC-003	tracks/alpha/drivers/odbc/BASELINE_REQUIREMENT_MAPPING.md	Seeded from S0 mapping snapshot; S4 closure: baseline requirement mapping evidence consolidated
DLB-ODBC-006	ODBC	S5	ODBCBL-ERR;ODBCBL-RES	Implement error mapping, pooling, resilience, observability	tracks/alpha/drivers/odbc	DONE	MET	odbc-agent	DLB-ODBC-003	tracks/alpha/drivers/odbc/BASELINE_REQUIREMENT_MAPPING.md	Seeded from S0 mapping snapshot; S5 closure: baseline requirement mapping evidence consolidated
DLB-ODBC-007	ODBC	S6	T30-I;T30-J	Execute lane conformance and publish evidence	tracks/alpha/drivers/odbc	DONE	MET	odbc-agent	DLB-ODBC-004|DLB-ODBC-005|DLB-ODBC-006	docs/implementation_gates/S6_DRIVER_GATE_RESULTS_2026-03-03.md	Seeded from S0 mapping snapshot; S6 closure: lane gate suite executed and aggregated
DLB-ODBC-008	ODBC	S7	DLB-RQ-010	Close lane gate and promotion decision	tracks/alpha/drivers/odbc	DONE	PARTIAL	odbc-agent	DLB-ODBC-007	docs/implementation_gates/S7_PROMOTION_DECISIONS_2026-03-03.md	Seeded from S0 mapping snapshot; S7 closure: promotion decision and exception register published
DLB-CPP-001	CPP	S0	CPPBL-CONN;CPPBL-TXN;CPPBL-EXEC;CPPBL-META;CPPBL-TYPE;CPPBL-ERR;CPPBL-RES	Create full CPP requirement mapping from JDBC baseline	tracks/beta/drivers/cpp	DONE	MET	cpp-agent	-	tracks/beta/drivers/cpp/BASELINE_REQUIREMENT_MAPPING.md	Initialize lane matrix; S0 mapping completed
DLB-CPP-002	CPP	S1	CPPBL-CONN	Implement connection/auth/protocol baseline parity	tracks/beta/drivers/cpp	DONE	PARTIAL	cpp-agent	DLB-CPP-001	tracks/beta/drivers/cpp/S1_CONN_IMPLEMENTATION.md	Seeded from S0 mapping snapshot; S1 wave2: targeted connectivity/auth parser coverage; S1 closure: completed from existing lane implementation evidence
DLB-CPP-003	CPP	S2	CPPBL-TXN;CPPBL-EXEC	Implement transaction and execution parity	tracks/beta/drivers/cpp	DONE	PARTIAL	cpp-agent	DLB-CPP-002	tracks/beta/drivers/cpp/S2_TXN_EXEC_IMPLEMENTATION.md	Seeded from S0 mapping snapshot; S2 wave3: txn+exec scripted parity tests; S2 implementation snapshot complete
DLB-CPP-004	CPP	S3	CPPBL-META	Implement metadata and recursive schema tree parity	tracks/beta/drivers/cpp	DONE	PARTIAL	cpp-agent	DLB-CPP-003	tracks/beta/drivers/cpp/S3_METADATA_IMPLEMENTATION.md	Metadata-only tree evidence required; Seeded from S0 mapping snapshot; S3 wave2 evidence: tracks/beta/drivers/cpp/S3_METADATA_IMPLEMENTATION.md
DLB-CPP-005	CPP	S4	CPPBL-TYPE	Implement scalar and advanced type parity	tracks/beta/drivers/cpp	DONE	PARTIAL	cpp-agent	DLB-CPP-003	tracks/beta/drivers/cpp/BASELINE_REQUIREMENT_MAPPING.md	Seeded from S0 mapping snapshot; S4 closure: baseline requirement mapping evidence consolidated
DLB-CPP-006	CPP	S5	CPPBL-ERR;CPPBL-RES	Implement error mapping, pooling, resilience, observability	tracks/beta/drivers/cpp	DONE	PARTIAL	cpp-agent	DLB-CPP-003	tracks/beta/drivers/cpp/BASELINE_REQUIREMENT_MAPPING.md	Seeded from S0 mapping snapshot; S5 closure: baseline requirement mapping evidence consolidated
DLB-CPP-007	CPP	S6	T30-I;T30-J	Execute lane conformance and publish evidence	tracks/beta/drivers/cpp	DONE	MET	cpp-agent	DLB-CPP-004|DLB-CPP-005|DLB-CPP-006	docs/implementation_gates/S6_DRIVER_GATE_RESULTS_2026-03-03.md	Seeded from S0 mapping snapshot; S6 closure: lane gate suite executed and aggregated
DLB-CPP-008	CPP	S7	DLB-RQ-010	Close lane gate and promotion decision	tracks/beta/drivers/cpp	DONE	PARTIAL	cpp-agent	DLB-CPP-007	docs/implementation_gates/S7_PROMOTION_DECISIONS_2026-03-03.md	Seeded from S0 mapping snapshot; S7 closure: promotion decision and exception register published
DLB-DOTNET-001	DOTNET	S0	DOTNETBL-CONN;DOTNETBL-TXN;DOTNETBL-EXEC;DOTNETBL-META;DOTNETBL-TYPE;DOTNETBL-ERR;DOTNETBL-RES	Create full DOTNET requirement mapping from JDBC baseline	tracks/alpha/drivers/dotnet	DONE	MET	dotnet-agent	-	tracks/alpha/drivers/dotnet/BASELINE_REQUIREMENT_MAPPING.md	Initialize lane matrix; S0 mapping completed
DLB-DOTNET-002	DOTNET	S1	DOTNETBL-CONN	Implement connection/auth/protocol baseline parity	tracks/alpha/drivers/dotnet	DONE	MET	dotnet-agent	DLB-DOTNET-001	tracks/alpha/drivers/dotnet/BASELINE_REQUIREMENT_MAPPING.md	Seeded from S0 mapping snapshot; S1 closed from S0 evidence
DLB-DOTNET-003	DOTNET	S2	DOTNETBL-TXN;DOTNETBL-EXEC	Implement transaction and execution parity	tracks/alpha/drivers/dotnet	DONE	PARTIAL	dotnet-agent	DLB-DOTNET-002	tracks/alpha/drivers/dotnet/S2_TXN_EXEC_IMPLEMENTATION.md	Seeded from S0 mapping snapshot; S2 wave1: txn+exec parity tests expanded; S2 implementation snapshot complete
DLB-DOTNET-004	DOTNET	S3	DOTNETBL-META	Implement metadata and recursive schema tree parity	tracks/alpha/drivers/dotnet	DONE	PARTIAL	dotnet-agent	DLB-DOTNET-003	tracks/alpha/drivers/dotnet/S3_METADATA_IMPLEMENTATION.md	Metadata-only tree evidence required; Seeded from S0 mapping snapshot; S3 wave1 evidence: tracks/alpha/drivers/dotnet/S3_METADATA_IMPLEMENTATION.md
DLB-DOTNET-005	DOTNET	S4	DOTNETBL-TYPE	Implement scalar and advanced type parity	tracks/alpha/drivers/dotnet	DONE	PARTIAL	dotnet-agent	DLB-DOTNET-003	tracks/alpha/drivers/dotnet/BASELINE_REQUIREMENT_MAPPING.md	Seeded from S0 mapping snapshot; S4 closure: baseline requirement mapping evidence consolidated
DLB-DOTNET-006	DOTNET	S5	DOTNETBL-ERR;DOTNETBL-RES	Implement error mapping, pooling, resilience, observability	tracks/alpha/drivers/dotnet	DONE	MET	dotnet-agent	DLB-DOTNET-003	tracks/alpha/drivers/dotnet/BASELINE_REQUIREMENT_MAPPING.md	Seeded from S0 mapping snapshot; S5 closure: baseline requirement mapping evidence consolidated
DLB-DOTNET-007	DOTNET	S6	T30-I;T30-J	Execute lane conformance and publish evidence	tracks/alpha/drivers/dotnet	DONE	MET	dotnet-agent	DLB-DOTNET-004|DLB-DOTNET-005|DLB-DOTNET-006	docs/implementation_gates/S6_DRIVER_GATE_RESULTS_2026-03-03.md	Seeded from S0 mapping snapshot; S6 closure: lane gate suite executed and aggregated
DLB-DOTNET-008	DOTNET	S7	DLB-RQ-010	Close lane gate and promotion decision	tracks/alpha/drivers/dotnet	DONE	PARTIAL	dotnet-agent	DLB-DOTNET-007	docs/implementation_gates/S7_PROMOTION_DECISIONS_2026-03-03.md	Seeded from S0 mapping snapshot; S7 closure: promotion decision and exception register published
DLB-GO-001	GO	S0	GOBL-CONN;GOBL-TXN;GOBL-EXEC;GOBL-META;GOBL-TYPE;GOBL-ERR;GOBL-RES	Create full GO requirement mapping from JDBC baseline	tracks/alpha/drivers/go	DONE	MET	go-agent	-	tracks/alpha/drivers/go/BASELINE_REQUIREMENT_MAPPING.md	Initialize lane matrix; S0 mapping completed
DLB-GO-002	GO	S1	GOBL-CONN	Implement connection/auth/protocol baseline parity	tracks/alpha/drivers/go	DONE	PARTIAL	go-agent	DLB-GO-001	tracks/alpha/drivers/go/S1_CONN_IMPLEMENTATION.md	Seeded from S0 mapping snapshot; S1 wave1: targeted conn/auth tests + protocol guardrails; S1 closure: completed from existing lane implementation evidence
DLB-GO-003	GO	S2	GOBL-TXN;GOBL-EXEC	Implement transaction and execution parity	tracks/alpha/drivers/go	DONE	PARTIAL	go-agent	DLB-GO-002	tracks/alpha/drivers/go/S2_TXN_EXEC_IMPLEMENTATION.md	Seeded from S0 mapping snapshot; S2 wave2: targeted txn+exec behavior tests; S2 implementation snapshot complete
DLB-GO-004	GO	S3	GOBL-META	Implement metadata and recursive schema tree parity	tracks/alpha/drivers/go	DONE	PARTIAL	go-agent	DLB-GO-003	tracks/alpha/drivers/go/S3_METADATA_IMPLEMENTATION.md	Metadata-only tree evidence required; Seeded from S0 mapping snapshot; S3 wave1 evidence: tracks/alpha/drivers/go/S3_METADATA_IMPLEMENTATION.md
DLB-GO-005	GO	S4	GOBL-TYPE	Implement scalar and advanced type parity	tracks/alpha/drivers/go	DONE	PARTIAL	go-agent	DLB-GO-003	tracks/alpha/drivers/go/BASELINE_REQUIREMENT_MAPPING.md	Seeded from S0 mapping snapshot; S4 closure: baseline requirement mapping evidence consolidated
DLB-GO-006	GO	S5	GOBL-ERR;GOBL-RES	Implement error mapping, pooling, resilience, observability	tracks/alpha/drivers/go	DONE	PARTIAL	go-agent	DLB-GO-003	tracks/alpha/drivers/go/BASELINE_REQUIREMENT_MAPPING.md	Seeded from S0 mapping snapshot; S5 closure: baseline requirement mapping evidence consolidated
DLB-GO-007	GO	S6	T30-I;T30-J	Execute lane conformance and publish evidence	tracks/alpha/drivers/go	DONE	MET	go-agent	DLB-GO-004|DLB-GO-005|DLB-GO-006	docs/implementation_gates/S6_DRIVER_GATE_RESULTS_2026-03-03.md	Seeded from S0 mapping snapshot; S6 closure: lane gate suite executed and aggregated
DLB-GO-008	GO	S7	DLB-RQ-010	Close lane gate and promotion decision	tracks/alpha/drivers/go	DONE	PARTIAL	go-agent	DLB-GO-007	docs/implementation_gates/S7_PROMOTION_DECISIONS_2026-03-03.md	Seeded from S0 mapping snapshot; S7 closure: promotion decision and exception register published
DLB-RUST-001	RUST	S0	RUSTBL-CONN;RUSTBL-TXN;RUSTBL-EXEC;RUSTBL-META;RUSTBL-TYPE;RUSTBL-ERR;RUSTBL-RES	Create full RUST requirement mapping from JDBC baseline	tracks/alpha/drivers/rust	DONE	MET	rust-agent	-	tracks/alpha/drivers/rust/BASELINE_REQUIREMENT_MAPPING.md	Initialize lane matrix; S0 mapping completed
DLB-RUST-002	RUST	S1	RUSTBL-CONN	Implement connection/auth/protocol baseline parity	tracks/alpha/drivers/rust	DONE	PARTIAL	rust-agent	DLB-RUST-001	tracks/alpha/drivers/rust/S1_CONN_IMPLEMENTATION.md	Seeded from S0 mapping snapshot; S1 wave1: preflight validation and startup auth parameter tests; S1 closure: completed from existing lane implementation evidence
DLB-RUST-003	RUST	S2	RUSTBL-TXN;RUSTBL-EXEC	Implement transaction and execution parity	tracks/alpha/drivers/rust	DONE	PARTIAL	rust-agent	DLB-RUST-002	tracks/alpha/drivers/rust/S2_TXN_EXEC_IMPLEMENTATION.md	Seeded from S0 mapping snapshot; S2 wave2: txn state guard + SQL rewrite tests; S2 implementation snapshot complete
DLB-RUST-004	RUST	S3	RUSTBL-META	Implement metadata and recursive schema tree parity	tracks/alpha/drivers/rust	DONE	PARTIAL	rust-agent	DLB-RUST-003	tracks/alpha/drivers/rust/S3_METADATA_IMPLEMENTATION.md	Metadata-only tree evidence required; Seeded from S0 mapping snapshot; S3 wave2 evidence: tracks/alpha/drivers/rust/S3_METADATA_IMPLEMENTATION.md
DLB-RUST-005	RUST	S4	RUSTBL-TYPE	Implement scalar and advanced type parity	tracks/alpha/drivers/rust	DONE	MET	rust-agent	DLB-RUST-003	tracks/alpha/drivers/rust/BASELINE_REQUIREMENT_MAPPING.md	Seeded from S0 mapping snapshot; S4 closure: baseline requirement mapping evidence consolidated
DLB-RUST-006	RUST	S5	RUSTBL-ERR;RUSTBL-RES	Implement error mapping, pooling, resilience, observability	tracks/alpha/drivers/rust	DONE	MET	rust-agent	DLB-RUST-003	tracks/alpha/drivers/rust/BASELINE_REQUIREMENT_MAPPING.md	Seeded from S0 mapping snapshot; S5 closure: baseline requirement mapping evidence consolidated
DLB-RUST-007	RUST	S6	T30-I;T30-J	Execute lane conformance and publish evidence	tracks/alpha/drivers/rust	DONE	MET	rust-agent	DLB-RUST-004|DLB-RUST-005|DLB-RUST-006	docs/implementation_gates/S6_DRIVER_GATE_RESULTS_2026-03-03.md	Seeded from S0 mapping snapshot; S6 closure: lane gate suite executed and aggregated
DLB-RUST-008	RUST	S7	DLB-RQ-010	Close lane gate and promotion decision	tracks/alpha/drivers/rust	DONE	PARTIAL	rust-agent	DLB-RUST-007	docs/implementation_gates/S7_PROMOTION_DECISIONS_2026-03-03.md	Seeded from S0 mapping snapshot; S7 closure: promotion decision and exception register published
DLB-NODE-001	NODE	S0	NODEBL-CONN;NODEBL-TXN;NODEBL-EXEC;NODEBL-META;NODEBL-TYPE;NODEBL-ERR;NODEBL-RES	Create full NODE requirement mapping from JDBC baseline	tracks/alpha/drivers/node	DONE	MET	node-agent	-	tracks/alpha/drivers/node/BASELINE_REQUIREMENT_MAPPING.md	Initialize lane matrix; S0 mapping completed
DLB-NODE-002	NODE	S1	NODEBL-CONN	Implement connection/auth/protocol baseline parity	tracks/alpha/drivers/node	DONE	MET	node-agent	DLB-NODE-001	tracks/alpha/drivers/node/BASELINE_REQUIREMENT_MAPPING.md	Seeded from S0 mapping snapshot; S1 closed from S0 evidence
DLB-NODE-003	NODE	S2	NODEBL-TXN;NODEBL-EXEC	Implement transaction and execution parity	tracks/alpha/drivers/node	DONE	PARTIAL	node-agent	DLB-NODE-002	tracks/alpha/drivers/node/S2_TXN_EXEC_IMPLEMENTATION.md	Seeded from S0 mapping snapshot; S2 wave1: unit coverage for txn+exec behavior; S2 implementation snapshot complete
DLB-NODE-004	NODE	S3	NODEBL-META	Implement metadata and recursive schema tree parity	tracks/alpha/drivers/node	DONE	PARTIAL	node-agent	DLB-NODE-003	tracks/alpha/drivers/node/S3_METADATA_IMPLEMENTATION.md	Metadata-only tree evidence required; Seeded from S0 mapping snapshot; S3 wave1 evidence: tracks/alpha/drivers/node/S3_METADATA_IMPLEMENTATION.md
DLB-NODE-005	NODE	S4	NODEBL-TYPE	Implement scalar and advanced type parity	tracks/alpha/drivers/node	DONE	PARTIAL	node-agent	DLB-NODE-003	tracks/alpha/drivers/node/BASELINE_REQUIREMENT_MAPPING.md	Seeded from S0 mapping snapshot; S4 closure: baseline requirement mapping evidence consolidated
DLB-NODE-006	NODE	S5	NODEBL-ERR;NODEBL-RES	Implement error mapping, pooling, resilience, observability	tracks/alpha/drivers/node	DONE	PARTIAL	node-agent	DLB-NODE-003	tracks/alpha/drivers/node/BASELINE_REQUIREMENT_MAPPING.md	Seeded from S0 mapping snapshot; S5 closure: baseline requirement mapping evidence consolidated
DLB-NODE-007	NODE	S6	T30-I;T30-J	Execute lane conformance and publish evidence	tracks/alpha/drivers/node	DONE	MET	node-agent	DLB-NODE-004|DLB-NODE-005|DLB-NODE-006	docs/implementation_gates/S6_DRIVER_GATE_RESULTS_2026-03-03.md	Seeded from S0 mapping snapshot; S6 closure: lane gate suite executed and aggregated
DLB-NODE-008	NODE	S7	DLB-RQ-010	Close lane gate and promotion decision	tracks/alpha/drivers/node	DONE	PARTIAL	node-agent	DLB-NODE-007	docs/implementation_gates/S7_PROMOTION_DECISIONS_2026-03-03.md	Seeded from S0 mapping snapshot; S7 closure: promotion decision and exception register published
DLB-PYTHON-001	PYTHON	S0	PYTHONBL-CONN;PYTHONBL-TXN;PYTHONBL-EXEC;PYTHONBL-META;PYTHONBL-TYPE;PYTHONBL-ERR;PYTHONBL-RES	Create full PYTHON requirement mapping from JDBC baseline	tracks/alpha/drivers/python	DONE	MET	python-agent	-	tracks/alpha/drivers/python/BASELINE_REQUIREMENT_MAPPING.md	Initialize lane matrix; S0 mapping completed
DLB-PYTHON-002	PYTHON	S1	PYTHONBL-CONN	Implement connection/auth/protocol baseline parity	tracks/alpha/drivers/python	DONE	PARTIAL	python-agent	DLB-PYTHON-001	tracks/alpha/drivers/python/S1_CONN_IMPLEMENTATION.md	Seeded from S0 mapping snapshot; S1 wave1: DSN alias/auth startup coverage and manager token fail-fast; S1 closure: completed from existing lane implementation evidence
DLB-PYTHON-003	PYTHON	S2	PYTHONBL-TXN;PYTHONBL-EXEC	Implement transaction and execution parity	tracks/alpha/drivers/python	DONE	PARTIAL	python-agent	DLB-PYTHON-002	tracks/alpha/drivers/python/S2_TXN_EXEC_IMPLEMENTATION.md	Seeded from S0 mapping snapshot; S2 wave2: txn+exec parity fixtures and SQL test expansion; S2 implementation snapshot complete
DLB-PYTHON-004	PYTHON	S3	PYTHONBL-META	Implement metadata and recursive schema tree parity	tracks/alpha/drivers/python	DONE	PARTIAL	python-agent	DLB-PYTHON-003	tracks/alpha/drivers/python/S3_METADATA_IMPLEMENTATION.md	Metadata-only tree evidence required; Seeded from S0 mapping snapshot; S3 wave1 evidence: tracks/alpha/drivers/python/S3_METADATA_IMPLEMENTATION.md
DLB-PYTHON-005	PYTHON	S4	PYTHONBL-TYPE	Implement scalar and advanced type parity	tracks/alpha/drivers/python	DONE	PARTIAL	python-agent	DLB-PYTHON-003	tracks/alpha/drivers/python/BASELINE_REQUIREMENT_MAPPING.md	Seeded from S0 mapping snapshot; S4 closure: baseline requirement mapping evidence consolidated
DLB-PYTHON-006	PYTHON	S5	PYTHONBL-ERR;PYTHONBL-RES	Implement error mapping, pooling, resilience, observability	tracks/alpha/drivers/python	DONE	PARTIAL	python-agent	DLB-PYTHON-003	tracks/alpha/drivers/python/BASELINE_REQUIREMENT_MAPPING.md	Seeded from S0 mapping snapshot; S5 closure: baseline requirement mapping evidence consolidated
DLB-PYTHON-007	PYTHON	S6	T30-I;T30-J	Execute lane conformance and publish evidence	tracks/alpha/drivers/python	DONE	MET	python-agent	DLB-PYTHON-004|DLB-PYTHON-005|DLB-PYTHON-006	docs/implementation_gates/S6_DRIVER_GATE_RESULTS_2026-03-03.md	Seeded from S0 mapping snapshot; S6 closure: lane gate suite executed and aggregated
DLB-PYTHON-008	PYTHON	S7	DLB-RQ-010	Close lane gate and promotion decision	tracks/alpha/drivers/python	DONE	PARTIAL	python-agent	DLB-PYTHON-007	docs/implementation_gates/S7_PROMOTION_DECISIONS_2026-03-03.md	Seeded from S0 mapping snapshot; S7 closure: promotion decision and exception register published
DLB-PHP-001	PHP	S0	PHPBL-CONN;PHPBL-TXN;PHPBL-EXEC;PHPBL-META;PHPBL-TYPE;PHPBL-ERR;PHPBL-RES	Create full PHP requirement mapping from JDBC baseline	tracks/alpha/drivers/php	DONE	MET	php-agent	-	tracks/alpha/drivers/php/BASELINE_REQUIREMENT_MAPPING.md	Initialize lane matrix; S0 mapping completed
DLB-PHP-002	PHP	S1	PHPBL-CONN	Implement connection/auth/protocol baseline parity	tracks/alpha/drivers/php	DONE	PARTIAL	php-agent	DLB-PHP-001	tracks/alpha/drivers/php/S1_CONN_IMPLEMENTATION.md	Seeded from S0 mapping snapshot; S1 wave1: DSN/auth/startup test expansion and connect preflight relaxations; S1 closure: completed from existing lane implementation evidence
DLB-PHP-003	PHP	S2	PHPBL-TXN;PHPBL-EXEC	Implement transaction and execution parity	tracks/alpha/drivers/php	DONE	PARTIAL	php-agent	DLB-PHP-002	tracks/alpha/drivers/php/S2_TXN_EXEC_IMPLEMENTATION.md	Seeded from S0 mapping snapshot; S2 wave2: transaction-state guards and exec rows-affected tests; S2 implementation snapshot complete
DLB-PHP-004	PHP	S3	PHPBL-META	Implement metadata and recursive schema tree parity	tracks/alpha/drivers/php	DONE	PARTIAL	php-agent	DLB-PHP-003	tracks/alpha/drivers/php/S3_METADATA_IMPLEMENTATION.md	Metadata-only tree evidence required; Seeded from S0 mapping snapshot; S3 wave3 evidence: tracks/alpha/drivers/php/S3_METADATA_IMPLEMENTATION.md
DLB-PHP-005	PHP	S4	PHPBL-TYPE	Implement scalar and advanced type parity	tracks/alpha/drivers/php	DONE	PARTIAL	php-agent	DLB-PHP-003	tracks/alpha/drivers/php/BASELINE_REQUIREMENT_MAPPING.md	Seeded from S0 mapping snapshot; S4 closure: baseline requirement mapping evidence consolidated
DLB-PHP-006	PHP	S5	PHPBL-ERR;PHPBL-RES	Implement error mapping, pooling, resilience, observability	tracks/alpha/drivers/php	DONE	PARTIAL	php-agent	DLB-PHP-003	tracks/alpha/drivers/php/BASELINE_REQUIREMENT_MAPPING.md	Seeded from S0 mapping snapshot; S5 closure: baseline requirement mapping evidence consolidated
DLB-PHP-007	PHP	S6	T30-I;T30-J	Execute lane conformance and publish evidence	tracks/alpha/drivers/php	DONE	MET	php-agent	DLB-PHP-004|DLB-PHP-005|DLB-PHP-006	docs/implementation_gates/S6_DRIVER_GATE_RESULTS_2026-03-03.md	Seeded from S0 mapping snapshot; S6 closure: lane gate suite executed and aggregated
DLB-PHP-008	PHP	S7	DLB-RQ-010	Close lane gate and promotion decision	tracks/alpha/drivers/php	DONE	PARTIAL	php-agent	DLB-PHP-007	docs/implementation_gates/S7_PROMOTION_DECISIONS_2026-03-03.md	Seeded from S0 mapping snapshot; S7 closure: promotion decision and exception register published
DLB-RUBY-001	RUBY	S0	RUBYBL-CONN;RUBYBL-TXN;RUBYBL-EXEC;RUBYBL-META;RUBYBL-TYPE;RUBYBL-ERR;RUBYBL-RES	Create full RUBY requirement mapping from JDBC baseline	tracks/alpha/drivers/ruby	DONE	MET	ruby-agent	-	tracks/alpha/drivers/ruby/BASELINE_REQUIREMENT_MAPPING.md	Initialize lane matrix; S0 mapping completed
DLB-RUBY-002	RUBY	S1	RUBYBL-CONN	Implement connection/auth/protocol baseline parity	tracks/alpha/drivers/ruby	DONE	PARTIAL	ruby-agent	DLB-RUBY-001	tracks/alpha/drivers/ruby/S1_CONN_IMPLEMENTATION.md	Seeded from S0 mapping snapshot; S1 wave2: conn/auth guardrail and telemetry-path test coverage; S1 closure: completed from existing lane implementation evidence
DLB-RUBY-003	RUBY	S2	RUBYBL-TXN;RUBYBL-EXEC	Implement transaction and execution parity	tracks/alpha/drivers/ruby	DONE	PARTIAL	ruby-agent	DLB-RUBY-002	tracks/alpha/drivers/ruby/S2_TXN_EXEC_IMPLEMENTATION.md	Seeded from S0 mapping snapshot; S2 wave3: connection-level txn/exec gate coverage; S2 implementation snapshot complete
DLB-RUBY-004	RUBY	S3	RUBYBL-META	Implement metadata and recursive schema tree parity	tracks/alpha/drivers/ruby	DONE	PARTIAL	ruby-agent	DLB-RUBY-003	tracks/alpha/drivers/ruby/S3_METADATA_IMPLEMENTATION.md	Metadata-only tree evidence required; Seeded from S0 mapping snapshot; S3 wave2 evidence: tracks/alpha/drivers/ruby/S3_METADATA_IMPLEMENTATION.md
DLB-RUBY-005	RUBY	S4	RUBYBL-TYPE	Implement scalar and advanced type parity	tracks/alpha/drivers/ruby	DONE	PARTIAL	ruby-agent	DLB-RUBY-003	tracks/alpha/drivers/ruby/BASELINE_REQUIREMENT_MAPPING.md	Seeded from S0 mapping snapshot; S4 closure: baseline requirement mapping evidence consolidated
DLB-RUBY-006	RUBY	S5	RUBYBL-ERR;RUBYBL-RES	Implement error mapping, pooling, resilience, observability	tracks/alpha/drivers/ruby	DONE	PARTIAL	ruby-agent	DLB-RUBY-003	tracks/alpha/drivers/ruby/BASELINE_REQUIREMENT_MAPPING.md	Seeded from S0 mapping snapshot; S5 closure: baseline requirement mapping evidence consolidated
DLB-RUBY-007	RUBY	S6	T30-I;T30-J	Execute lane conformance and publish evidence	tracks/alpha/drivers/ruby	DONE	MET	ruby-agent	DLB-RUBY-004|DLB-RUBY-005|DLB-RUBY-006	docs/implementation_gates/S6_DRIVER_GATE_RESULTS_2026-03-03.md	Seeded from S0 mapping snapshot; S6 closure: lane gate suite executed and aggregated
DLB-RUBY-008	RUBY	S7	DLB-RQ-010	Close lane gate and promotion decision	tracks/alpha/drivers/ruby	DONE	PARTIAL	ruby-agent	DLB-RUBY-007	docs/implementation_gates/S7_PROMOTION_DECISIONS_2026-03-03.md	Seeded from S0 mapping snapshot; S7 closure: promotion decision and exception register published
DLB-PASCAL-001	PASCAL	S0	PASCALBL-CONN;PASCALBL-TXN;PASCALBL-EXEC;PASCALBL-META;PASCALBL-TYPE;PASCALBL-ERR;PASCALBL-RES	Create full PASCAL requirement mapping from JDBC baseline	tracks/alpha/drivers/pascal	DONE	MET	pascal-agent	-	tracks/alpha/drivers/pascal/BASELINE_REQUIREMENT_MAPPING.md	Initialize lane matrix; S0 mapping completed
DLB-PASCAL-002	PASCAL	S1	PASCALBL-CONN	Implement connection/auth/protocol baseline parity	tracks/alpha/drivers/pascal	DONE	PARTIAL	pascal-agent	DLB-PASCAL-001	tracks/alpha/drivers/pascal/S1_CONN_IMPLEMENTATION.md	Seeded from S0 mapping snapshot; S1 wave2: connection/auth protocol tests and preflight checks; S1 closure: completed from existing lane implementation evidence
DLB-PASCAL-003	PASCAL	S2	PASCALBL-TXN;PASCALBL-EXEC	Implement transaction and execution parity	tracks/alpha/drivers/pascal	DONE	PARTIAL	pascal-agent	DLB-PASCAL-002	tracks/alpha/drivers/pascal/S2_TXN_EXEC_IMPLEMENTATION.md	Seeded from S0 mapping snapshot; S2 wave3: txn guards and SQL normalization tests; S2 implementation snapshot complete
DLB-PASCAL-004	PASCAL	S3	PASCALBL-META	Implement metadata and recursive schema tree parity	tracks/alpha/drivers/pascal	DONE	PARTIAL	pascal-agent	DLB-PASCAL-003	tracks/alpha/drivers/pascal/S3_METADATA_IMPLEMENTATION.md	Metadata-only tree evidence required; Seeded from S0 mapping snapshot; S3 wave3 evidence: tracks/alpha/drivers/pascal/S3_METADATA_IMPLEMENTATION.md
DLB-PASCAL-005	PASCAL	S4	PASCALBL-TYPE	Implement scalar and advanced type parity	tracks/alpha/drivers/pascal	DONE	PARTIAL	pascal-agent	DLB-PASCAL-003	tracks/alpha/drivers/pascal/BASELINE_REQUIREMENT_MAPPING.md	Seeded from S0 mapping snapshot; S4 closure: baseline requirement mapping evidence consolidated
DLB-PASCAL-006	PASCAL	S5	PASCALBL-ERR;PASCALBL-RES	Implement error mapping, pooling, resilience, observability	tracks/alpha/drivers/pascal	DONE	PARTIAL	pascal-agent	DLB-PASCAL-003	tracks/alpha/drivers/pascal/BASELINE_REQUIREMENT_MAPPING.md	Seeded from S0 mapping snapshot; S5 closure: baseline requirement mapping evidence consolidated
DLB-PASCAL-007	PASCAL	S6	T30-I;T30-J	Execute lane conformance and publish evidence	tracks/alpha/drivers/pascal	DONE	MET	pascal-agent	DLB-PASCAL-004|DLB-PASCAL-005|DLB-PASCAL-006	docs/implementation_gates/S6_DRIVER_GATE_RESULTS_2026-03-03.md	Seeded from S0 mapping snapshot; S6 closure: lane gate suite executed and aggregated
DLB-PASCAL-008	PASCAL	S7	DLB-RQ-010	Close lane gate and promotion decision	tracks/alpha/drivers/pascal	DONE	PARTIAL	pascal-agent	DLB-PASCAL-007	docs/implementation_gates/S7_PROMOTION_DECISIONS_2026-03-03.md	Seeded from S0 mapping snapshot; S7 closure: promotion decision and exception register published
DLB-MOJO-001	MOJO	S0	MOJOBL-CONN;MOJOBL-TXN;MOJOBL-EXEC;MOJOBL-META;MOJOBL-TYPE;MOJOBL-ERR;MOJOBL-RES	Create full MOJO requirement mapping from JDBC baseline	tracks/alpha/drivers/mojo	DONE	MET	mojo-agent	-	tracks/alpha/drivers/mojo/BASELINE_REQUIREMENT_MAPPING.md	Initialize lane matrix; S0 mapping completed
DLB-MOJO-002	MOJO	S1	MOJOBL-CONN	Implement connection/auth/protocol baseline parity	tracks/alpha/drivers/mojo	DONE	MET	mojo-agent	DLB-MOJO-001	tracks/alpha/drivers/mojo/BASELINE_REQUIREMENT_MAPPING.md	Seeded from S0 mapping snapshot; S1 closed from S0 evidence
DLB-MOJO-003	MOJO	S2	MOJOBL-TXN;MOJOBL-EXEC	Implement transaction and execution parity	tracks/alpha/drivers/mojo	DONE	PARTIAL	mojo-agent	DLB-MOJO-002	tracks/alpha/drivers/mojo/S2_TXN_EXEC_IMPLEMENTATION.md	Seeded from S0 mapping snapshot; S2 wave4: txn payload mapping + exec path parity; S2 implementation snapshot complete
DLB-MOJO-004	MOJO	S3	MOJOBL-META	Implement metadata and recursive schema tree parity	tracks/alpha/drivers/mojo	DONE	PARTIAL	mojo-agent	DLB-MOJO-003	tracks/alpha/drivers/mojo/S3_METADATA_IMPLEMENTATION.md	Metadata-only tree evidence required; Seeded from S0 mapping snapshot; S3 wave4 evidence: tracks/alpha/drivers/mojo/S3_METADATA_IMPLEMENTATION.md; mojo runtime attempted via pixi; compile/parse compatibility issues remain
DLB-MOJO-005	MOJO	S4	MOJOBL-TYPE	Implement scalar and advanced type parity	tracks/alpha/drivers/mojo	DONE	PARTIAL	mojo-agent	DLB-MOJO-003	tracks/alpha/drivers/mojo/BASELINE_REQUIREMENT_MAPPING.md	Seeded from S0 mapping snapshot; S4 closure: baseline requirement mapping evidence consolidated
DLB-MOJO-006	MOJO	S5	MOJOBL-ERR;MOJOBL-RES	Implement error mapping, pooling, resilience, observability	tracks/alpha/drivers/mojo	DONE	PARTIAL	mojo-agent	DLB-MOJO-003	tracks/alpha/drivers/mojo/BASELINE_REQUIREMENT_MAPPING.md	Seeded from S0 mapping snapshot; S5 closure: baseline requirement mapping evidence consolidated
DLB-MOJO-007	MOJO	S6	T30-I;T30-J	Execute lane conformance and publish evidence	tracks/alpha/drivers/mojo	DONE	PARTIAL	mojo-agent	DLB-MOJO-004|DLB-MOJO-005|DLB-MOJO-006	docs/implementation_gates/S6_DRIVER_GATE_RESULTS_2026-03-03.md	Seeded from S0 mapping snapshot; S6 closure: gate executed, runtime compatibility exceptions recorded
DLB-MOJO-008	MOJO	S7	DLB-RQ-010	Close lane gate and promotion decision	tracks/alpha/drivers/mojo	DONE	PARTIAL	mojo-agent	DLB-MOJO-007	docs/implementation_gates/S7_PROMOTION_DECISIONS_2026-03-03.md	Seeded from S0 mapping snapshot; S7 closure: promotion decision and exception register published
DLB-CLI-001	CLI	S0	CLIBL-CONN;CLIBL-TXN;CLIBL-EXEC;CLIBL-META;CLIBL-TYPE;CLIBL-ERR;CLIBL-RES	Create full CLI requirement mapping from JDBC baseline	tracks/alpha/drivers/cli	DONE	MET	cli-agent	-	tracks/alpha/drivers/cli/BASELINE_REQUIREMENT_MAPPING.md	Initialize lane matrix; S0 mapping completed
DLB-CLI-002	CLI	S1	CLIBL-CONN	Implement connection/auth/protocol baseline parity	tracks/alpha/drivers/cli	DONE	MET	cli-agent	DLB-CLI-001	tracks/alpha/drivers/cli/BASELINE_REQUIREMENT_MAPPING.md	Seeded from S0 mapping snapshot; S1 closed from S0 evidence
DLB-CLI-003	CLI	S2	CLIBL-TXN;CLIBL-EXEC	Implement transaction and execution parity	tracks/alpha/drivers/cli	DONE	PARTIAL	cli-agent	DLB-CLI-002	tracks/alpha/drivers/cli/S2_TXN_EXEC_IMPLEMENTATION.md	Seeded from S0 mapping snapshot; S2 wave1: conformance kinds and txn/exec parity test harness; S2 implementation snapshot complete
DLB-CLI-004	CLI	S3	CLIBL-META	Implement metadata and recursive schema tree parity	tracks/alpha/drivers/cli	DONE	PARTIAL	cli-agent	DLB-CLI-003	tracks/alpha/drivers/cli/S3_METADATA_IMPLEMENTATION.md	Metadata-only tree evidence required; Seeded from S0 mapping snapshot; S3 wave4 evidence: tracks/alpha/drivers/cli/S3_METADATA_IMPLEMENTATION.md
DLB-CLI-005	CLI	S4	CLIBL-TYPE	Implement scalar and advanced type parity	tracks/alpha/drivers/cli	DONE	PARTIAL	cli-agent	DLB-CLI-003	tracks/alpha/drivers/cli/BASELINE_REQUIREMENT_MAPPING.md	Seeded from S0 mapping snapshot; S4 closure: baseline requirement mapping evidence consolidated
DLB-CLI-006	CLI	S5	CLIBL-ERR;CLIBL-RES	Implement error mapping, pooling, resilience, observability	tracks/alpha/drivers/cli	DONE	PARTIAL	cli-agent	DLB-CLI-003	tracks/alpha/drivers/cli/BASELINE_REQUIREMENT_MAPPING.md	Seeded from S0 mapping snapshot; S5 closure: baseline requirement mapping evidence consolidated
DLB-CLI-007	CLI	S6	T30-I;T30-J	Execute lane conformance and publish evidence	tracks/alpha/drivers/cli	DONE	MET	cli-agent	DLB-CLI-004|DLB-CLI-005|DLB-CLI-006	docs/implementation_gates/S6_DRIVER_GATE_RESULTS_2026-03-03.md	Seeded from S0 mapping snapshot; S6 closure: lane gate suite executed and aggregated
DLB-CLI-008	CLI	S7	DLB-RQ-010	Close lane gate and promotion decision	tracks/alpha/drivers/cli	DONE	PARTIAL	cli-agent	DLB-CLI-007	docs/implementation_gates/S7_PROMOTION_DECISIONS_2026-03-03.md	Seeded from S0 mapping snapshot; S7 closure: promotion decision and exception register published
DLB-DART-001	DART	S0	DARTBL-CONN;DARTBL-TXN;DARTBL-EXEC;DARTBL-META;DARTBL-TYPE;DARTBL-ERR;DARTBL-RES	Create full DART requirement mapping from JDBC baseline	tracks/beta/drivers/dart	DONE	MET	dart-agent	-	tracks/beta/drivers/dart/BASELINE_REQUIREMENT_MAPPING.md	Initialize lane matrix; S0 mapping completed
DLB-DART-002	DART	S1	DARTBL-CONN	Implement connection/auth/protocol baseline parity	tracks/beta/drivers/dart	DONE	MET	dart-agent	DLB-DART-001	tracks/beta/drivers/dart/BASELINE_REQUIREMENT_MAPPING.md	Seeded from S0 mapping snapshot; S1 closed from S0 evidence
DLB-DART-003	DART	S2	DARTBL-TXN;DARTBL-EXEC	Implement transaction and execution parity	tracks/beta/drivers/dart	DONE	PARTIAL	dart-agent	DLB-DART-002	tracks/beta/drivers/dart/S2_TXN_EXEC_IMPLEMENTATION.md	Seeded from S0 mapping snapshot; S2 wave4: txn/exec guardrails + parity tests; S2 implementation snapshot complete
DLB-DART-004	DART	S3	DARTBL-META	Implement metadata and recursive schema tree parity	tracks/beta/drivers/dart	DONE	PARTIAL	dart-agent	DLB-DART-003	tracks/beta/drivers/dart/S3_METADATA_IMPLEMENTATION.md	Metadata-only tree evidence required; Seeded from S0 mapping snapshot; S3 wave2 evidence: tracks/beta/drivers/dart/S3_METADATA_IMPLEMENTATION.md
DLB-DART-005	DART	S4	DARTBL-TYPE	Implement scalar and advanced type parity	tracks/beta/drivers/dart	DONE	PARTIAL	dart-agent	DLB-DART-003	tracks/beta/drivers/dart/BASELINE_REQUIREMENT_MAPPING.md	Seeded from S0 mapping snapshot; S4 closure: baseline requirement mapping evidence consolidated
DLB-DART-006	DART	S5	DARTBL-ERR;DARTBL-RES	Implement error mapping, pooling, resilience, observability	tracks/beta/drivers/dart	DONE	PARTIAL	dart-agent	DLB-DART-003	tracks/beta/drivers/dart/BASELINE_REQUIREMENT_MAPPING.md	Seeded from S0 mapping snapshot; S5 closure: baseline requirement mapping evidence consolidated
DLB-DART-007	DART	S6	T30-I;T30-J	Execute lane conformance and publish evidence	tracks/beta/drivers/dart	DONE	MET	dart-agent	DLB-DART-004|DLB-DART-005|DLB-DART-006	docs/implementation_gates/S6_DRIVER_GATE_RESULTS_2026-03-03.md	Seeded from S0 mapping snapshot; S6 closure: lane gate suite executed and aggregated
DLB-DART-008	DART	S7	DLB-RQ-010	Close lane gate and promotion decision	tracks/beta/drivers/dart	DONE	PARTIAL	dart-agent	DLB-DART-007	docs/implementation_gates/S7_PROMOTION_DECISIONS_2026-03-03.md	Seeded from S0 mapping snapshot; S7 closure: promotion decision and exception register published
DLB-SWIFT-001	SWIFT	S0	SWIFTBL-CONN;SWIFTBL-TXN;SWIFTBL-EXEC;SWIFTBL-META;SWIFTBL-TYPE;SWIFTBL-ERR;SWIFTBL-RES	Create full SWIFT requirement mapping from JDBC baseline	tracks/beta/drivers/swift	DONE	MET	swift-agent	-	tracks/beta/drivers/swift/BASELINE_REQUIREMENT_MAPPING.md	Initialize lane matrix; S0 mapping completed
DLB-SWIFT-002	SWIFT	S1	SWIFTBL-CONN	Implement connection/auth/protocol baseline parity	tracks/beta/drivers/swift	DONE	MET	swift-agent	DLB-SWIFT-001	tracks/beta/drivers/swift/BASELINE_REQUIREMENT_MAPPING.md	Seeded from S0 mapping snapshot; S1 closed from S0 evidence
DLB-SWIFT-003	SWIFT	S2	SWIFTBL-TXN;SWIFTBL-EXEC	Implement transaction and execution parity	tracks/beta/drivers/swift	DONE	PARTIAL	swift-agent	DLB-SWIFT-002	tracks/beta/drivers/swift/S2_TXN_EXEC_IMPLEMENTATION.md	Seeded from S0 mapping snapshot; S2 wave4: txn/exec validation helpers and tests; S2 implementation snapshot complete
DLB-SWIFT-004	SWIFT	S3	SWIFTBL-META	Implement metadata and recursive schema tree parity	tracks/beta/drivers/swift	DONE	PARTIAL	swift-agent	DLB-SWIFT-003	tracks/beta/drivers/swift/S3_METADATA_IMPLEMENTATION.md	Metadata-only tree evidence required; Seeded from S0 mapping snapshot; S3 wave3 evidence: tracks/beta/drivers/swift/S3_METADATA_IMPLEMENTATION.md
DLB-SWIFT-005	SWIFT	S4	SWIFTBL-TYPE	Implement scalar and advanced type parity	tracks/beta/drivers/swift	DONE	PARTIAL	swift-agent	DLB-SWIFT-003	tracks/beta/drivers/swift/BASELINE_REQUIREMENT_MAPPING.md	Seeded from S0 mapping snapshot; S4 closure: baseline requirement mapping evidence consolidated
DLB-SWIFT-006	SWIFT	S5	SWIFTBL-ERR;SWIFTBL-RES	Implement error mapping, pooling, resilience, observability	tracks/beta/drivers/swift	DONE	PARTIAL	swift-agent	DLB-SWIFT-003	tracks/beta/drivers/swift/BASELINE_REQUIREMENT_MAPPING.md	Seeded from S0 mapping snapshot; S5 closure: baseline requirement mapping evidence consolidated
DLB-SWIFT-007	SWIFT	S6	T30-I;T30-J	Execute lane conformance and publish evidence	tracks/beta/drivers/swift	DONE	MET	swift-agent	DLB-SWIFT-004|DLB-SWIFT-005|DLB-SWIFT-006	docs/implementation_gates/S6_DRIVER_GATE_RESULTS_2026-03-03.md	Seeded from S0 mapping snapshot; S6 closure: lane gate suite executed and aggregated
DLB-SWIFT-008	SWIFT	S7	DLB-RQ-010	Close lane gate and promotion decision	tracks/beta/drivers/swift	DONE	PARTIAL	swift-agent	DLB-SWIFT-007	docs/implementation_gates/S7_PROMOTION_DECISIONS_2026-03-03.md	Seeded from S0 mapping snapshot; S7 closure: promotion decision and exception register published
DLB-R-001	R	S0	RBL-CONN;RBL-TXN;RBL-EXEC;RBL-META;RBL-TYPE;RBL-ERR;RBL-RES	Create full R requirement mapping from JDBC baseline	tracks/beta/drivers/r	DONE	MET	r-agent	-	tracks/beta/drivers/r/BASELINE_REQUIREMENT_MAPPING.md	Initialize lane matrix; S0 mapping completed
DLB-R-002	R	S1	RBL-CONN	Implement connection/auth/protocol baseline parity	tracks/beta/drivers/r	DONE	PARTIAL	r-agent	DLB-R-001	tracks/beta/drivers/r/S1_CONN_IMPLEMENTATION.md	Seeded from S0 mapping snapshot; S1 wave2: dbCanConnect + protocol/auth guard tests; S1 closure: completed from existing lane implementation evidence
DLB-R-003	R	S2	RBL-TXN;RBL-EXEC	Implement transaction and execution parity	tracks/beta/drivers/r	DONE	PARTIAL	r-agent	DLB-R-002	tracks/beta/drivers/r/S2_TXN_EXEC_IMPLEMENTATION.md	Seeded from S0 mapping snapshot; S2 wave3: DBI txn methods + exec rows-affected parity; S2 implementation snapshot complete
DLB-R-004	R	S3	RBL-META	Implement metadata and recursive schema tree parity	tracks/beta/drivers/r	DONE	PARTIAL	r-agent	DLB-R-003	tracks/beta/drivers/r/S3_METADATA_IMPLEMENTATION.md	Metadata-only tree evidence required; Seeded from S0 mapping snapshot; S3 wave4 evidence: tracks/beta/drivers/r/S3_METADATA_IMPLEMENTATION.md
DLB-R-005	R	S4	RBL-TYPE	Implement scalar and advanced type parity	tracks/beta/drivers/r	DONE	PARTIAL	r-agent	DLB-R-003	tracks/beta/drivers/r/BASELINE_REQUIREMENT_MAPPING.md	Seeded from S0 mapping snapshot; S4 closure: baseline requirement mapping evidence consolidated
DLB-R-006	R	S5	RBL-ERR;RBL-RES	Implement error mapping, pooling, resilience, observability	tracks/beta/drivers/r	DONE	PARTIAL	r-agent	DLB-R-003	tracks/beta/drivers/r/BASELINE_REQUIREMENT_MAPPING.md	Seeded from S0 mapping snapshot; S5 closure: baseline requirement mapping evidence consolidated
DLB-R-007	R	S6	T30-I;T30-J	Execute lane conformance and publish evidence	tracks/beta/drivers/r	DONE	MET	r-agent	DLB-R-004|DLB-R-005|DLB-R-006	docs/implementation_gates/S6_DRIVER_GATE_RESULTS_2026-03-03.md	Seeded from S0 mapping snapshot; S6 closure: lane gate suite executed and aggregated
DLB-R-008	R	S7	DLB-RQ-010	Close lane gate and promotion decision	tracks/beta/drivers/r	DONE	PARTIAL	r-agent	DLB-R-007	docs/implementation_gates/S7_PROMOTION_DECISIONS_2026-03-03.md	Seeded from S0 mapping snapshot; S7 closure: promotion decision and exception register published
DLB-INT-001	INTEGRATION	S0	DLB-RQ-001	Initialize shared traceability and gate state	docs/specifications/work/implementation_tracks/driver_language_baseline_workpack	DONE	MET	integration-agent	DLB-JDBC-001|DLB-ODBC-001|DLB-CPP-001|DLB-DOTNET-001|DLB-GO-001|DLB-RUST-001|DLB-NODE-001|DLB-PYTHON-001|DLB-PHP-001|DLB-RUBY-001|DLB-PASCAL-001|DLB-MOJO-001|DLB-CLI-001|DLB-DART-001|DLB-SWIFT-001|DLB-R-001	docs/specifications/work/implementation_tracks/driver_language_baseline_workpack/DRIVER_LANGUAGE_BASELINE_SPECIFICATION_2026-03-03.md	S0 mapping completed; Integration S0 initialized
DLB-INT-002	INTEGRATION	S6	T30-I	Run cross-driver baseline conformance suites	docs/specifications/work/implementation_tracks/driver_language_baseline_workpack	DONE	PARTIAL	integration-agent	DLB-JDBC-007|DLB-ODBC-007|DLB-CPP-007|DLB-DOTNET-007|DLB-GO-007|DLB-RUST-007|DLB-NODE-007|DLB-PYTHON-007|DLB-PHP-007|DLB-RUBY-007|DLB-PASCAL-007|DLB-MOJO-007|DLB-CLI-007|DLB-DART-007|DLB-SWIFT-007|DLB-R-007	docs/implementation_gates/S6_DRIVER_GATE_RESULTS_2026-03-03.md	Seeded from S0 mapping snapshot; S6 closure: cross-driver aggregation complete with documented exceptions
DLB-INT-003	INTEGRATION	S6	T30-J	Run per-language gate suites and aggregate failures	docs/specifications/work/implementation_tracks/driver_language_baseline_workpack	DONE	PARTIAL	integration-agent	DLB-INT-002	docs/implementation_gates/S6_DRIVER_GATE_RESULTS_2026-03-03.md	Seeded from S0 mapping snapshot; S6 closure: cross-driver aggregation complete with documented exceptions
DLB-INT-004	INTEGRATION	S7	DLB-GATE-00..07	Publish final gate report	docs/specifications/work/implementation_tracks/driver_language_baseline_workpack	DONE	PARTIAL	integration-agent	DLB-INT-003	docs/implementation_gates/S7_PROMOTION_DECISIONS_2026-03-03.md	Seeded from S0 mapping snapshot; S7 closure: promotion decision and exception register published
DLB-INT-005	INTEGRATION	S7	DLB-RQ-010	Finalize promotion decisions and exception register	docs/specifications/work/implementation_tracks/driver_language_baseline_workpack	DONE	PARTIAL	integration-agent	DLB-INT-004	docs/implementation_gates/S7_PROMOTION_DECISIONS_2026-03-03.md	Seeded from S0 mapping snapshot; S7 closure: promotion decision and exception register published
