syntax_contract_id,native_feature_key,priority,engine,gap_item_id,status,mandatory_scope,mandatory_miss,scope_feature_key,scope_priority,sql_probe
"SYN13-0001","NFG_CSQ-001","P0","Cassandra","CSQ-001","mapped","1","0","NFG_CSQ-001","P0","SELECT FIRST 10 SKIP 5 id FROM docs PLAN NATURAL OPTIMIZE FOR 100 ROWS FOR UPDATE WITH LOCK"
"SYN13-0002","NFG_CSQ-002","P0","Cassandra","CSQ-002","mapped","1","0","NFG_CSQ-002","P0","SELECT FIRST 10 SKIP 5 id FROM docs PLAN NATURAL OPTIMIZE FOR 100 ROWS FOR UPDATE WITH LOCK"
"SYN13-0003","NFG_CSQ-003","P1","Cassandra","CSQ-003","mapped","1","0","NFG_CSQ-003","P1","CREATE INDEX idx_vectors_pq ON vectors USING IVF_PQ (embedding) WITH (NLIST = 1024, M = 16, NPROBE = 32)"
"SYN13-0004","NFG_CSQ-004","P1","Cassandra","CSQ-004","mapped","1","0","NFG_CSQ-004","P1","CREATE INDEX idx_vectors_pq ON vectors USING IVF_PQ (embedding) WITH (NLIST = 1024, M = 16, NPROBE = 32)"
"SYN13-0005","NFG_CSQ-005","P1","Cassandra","CSQ-005","mapped","1","0","NFG_CSQ-005","P1","SELECT FIRST 10 SKIP 5 id FROM docs PLAN NATURAL OPTIMIZE FOR 100 ROWS FOR UPDATE WITH LOCK"
"SYN13-0006","NFG_CSQ-006","P1","Cassandra","CSQ-006","mapped","1","0","NFG_CSQ-006","P1","SELECT FIRST 10 SKIP 5 id FROM docs PLAN NATURAL OPTIMIZE FOR 100 ROWS FOR UPDATE WITH LOCK"
"SYN13-0007","NFG_CSQ-007","P1","Cassandra","CSQ-007","mapped","1","0","NFG_CSQ-007","P1","INSTALL EXTENSION httpfs"
"SYN13-0008","NFG_CSX-101","P2","Cassandra","CSX-101","mapped","1","0","NFG_CSX-101","P2","INSTALL EXTENSION httpfs"
"SYN13-0009","NFG_CSX-102","P2","Cassandra","CSX-102","mapped","1","0","NFG_CSX-102","P2","INSTALL EXTENSION httpfs"
"SYN13-0010","NFG_CHK-001","P0","ClickHouse","CHK-001","mapped","1","0","NFG_CHK-001","P0","CREATE TABLE t_types ( agg AGGREGATEFUNCTION(sum, UInt64), sagg SIMPLEAGGREGATEFUNCTION(sum, UInt64), dyn DYNAMIC(JSON), bits QBIT(128), big BIGNUM(256) )"
"SYN13-0011","NFG_CHK-002","P0","ClickHouse","CHK-002","mapped","1","0","NFG_CHK-002","P0","CREATE TABLE t_types ( agg AGGREGATEFUNCTION(sum, UInt64), sagg SIMPLEAGGREGATEFUNCTION(sum, UInt64), dyn DYNAMIC(JSON), bits QBIT(128), big BIGNUM(256) )"
"SYN13-0012","NFG_CHK-003","P1","ClickHouse","CHK-003","mapped","1","0","NFG_CHK-003","P1","SELECT FIRST 10 SKIP 5 id FROM docs PLAN NATURAL OPTIMIZE FOR 100 ROWS FOR UPDATE WITH LOCK"
"SYN13-0013","NFG_CHK-004","P1","ClickHouse","CHK-004","mapped","1","0","NFG_CHK-004","P1","CREATE INDEX idx_vectors_pq ON vectors USING IVF_PQ (embedding) WITH (NLIST = 1024, M = 16, NPROBE = 32)"
"SYN13-0014","NFG_CHK-005","P1","ClickHouse","CHK-005","mapped","1","0","NFG_CHK-005","P1","CREATE INDEX idx_vectors_pq ON vectors USING IVF_PQ (embedding) WITH (NLIST = 1024, M = 16, NPROBE = 32)"
"SYN13-0015","NFG_CHK-006","P1","ClickHouse","CHK-006","mapped","1","0","NFG_CHK-006","P1","SELECT FIRST 10 SKIP 5 id FROM docs PLAN NATURAL OPTIMIZE FOR 100 ROWS FOR UPDATE WITH LOCK"
"SYN13-0016","NFG_CHK-007","P1","ClickHouse","CHK-007","mapped","1","0","NFG_CHK-007","P1","SECURITY LABEL FOR sec_provider ON TABLE docs IS 'classified'"
"SYN13-0017","NFG_CHKX-101","P2","ClickHouse","CHKX-101","mapped","1","0","NFG_CHKX-101","P2","INSTALL EXTENSION httpfs"
"SYN13-0018","NFG_DKD-001","P0","DuckDB","DKD-001","mapped","1","0","NFG_DKD-001","P0","CREATE TABLE t_types ( agg AGGREGATEFUNCTION(sum, UInt64), sagg SIMPLEAGGREGATEFUNCTION(sum, UInt64), dyn DYNAMIC(JSON), bits QBIT(128), big BIGNUM(256) )"
"SYN13-0019","NFG_DKD-002","P0","DuckDB","DKD-002","mapped","1","0","NFG_DKD-002","P0","INSTALL EXTENSION httpfs"
"SYN13-0020","NFG_DKD-003","P0","DuckDB","DKD-003","mapped","1","0","NFG_DKD-003","P0","SET SINGLE_WRITER ON"
"SYN13-0021","NFG_DKD-004","P1","DuckDB","DKD-004","mapped","1","0","NFG_DKD-004","P1","SECURITY LABEL FOR sec_provider ON TABLE docs IS 'classified'"
"SYN13-0022","NFG_DKD-005","P1","DuckDB","DKD-005","mapped","1","0","NFG_DKD-005","P1","SELECT FIRST 10 SKIP 5 id FROM docs PLAN NATURAL OPTIMIZE FOR 100 ROWS FOR UPDATE WITH LOCK"
"SYN13-0023","NFG_DKD-006","P1","DuckDB","DKD-006","mapped","1","0","NFG_DKD-006","P1","COPY docs TO PROGRAM 'gzip > /tmp/docs.gz' WITH (FORMAT CSV, HEADER)"
"SYN13-0024","NFG_DKD-007","P1","DuckDB","DKD-007","mapped","1","0","NFG_DKD-007","P1","SELECT FIRST 10 SKIP 5 id FROM docs PLAN NATURAL OPTIMIZE FOR 100 ROWS FOR UPDATE WITH LOCK"
"SYN13-0025","NFG_DKDX-101","P2","DuckDB","DKDX-101","mapped","1","0","NFG_DKDX-101","P2","INSTALL EXTENSION httpfs"
"SYN13-0026","NFG_FBQ-001","P0","FirebirdSQL","FBQ-001","mapped","1","0","NFG_FBQ-001","P0","SELECT FIRST 10 SKIP 5 id FROM docs PLAN NATURAL OPTIMIZE FOR 100 ROWS FOR UPDATE WITH LOCK"
"SYN13-0027","NFG_FBQ-002","P0","FirebirdSQL","FBQ-002","mapped","1","0","NFG_FBQ-002","P0","SELECT FIRST 10 SKIP 5 id FROM docs PLAN NATURAL OPTIMIZE FOR 100 ROWS FOR UPDATE WITH LOCK"
"SYN13-0028","NFG_FBQ-003","P0","FirebirdSQL","FBQ-003","mapped","1","0","NFG_FBQ-003","P0","SELECT FIRST 10 SKIP 5 id FROM docs PLAN NATURAL OPTIMIZE FOR 100 ROWS FOR UPDATE WITH LOCK"
"SYN13-0029","NFG_FBQ-004","P0","FirebirdSQL","FBQ-004","mapped","1","0","NFG_FBQ-004","P0","SELECT FIRST 10 SKIP 5 id FROM docs PLAN NATURAL OPTIMIZE FOR 100 ROWS FOR UPDATE WITH LOCK"
"SYN13-0030","NFG_FBQ-005","P0","FirebirdSQL","FBQ-005","mapped","1","0","NFG_FBQ-005","P0","SELECT FIRST 10 SKIP 5 id FROM docs PLAN NATURAL OPTIMIZE FOR 100 ROWS FOR UPDATE WITH LOCK"
"SYN13-0031","NFG_FBQ-006","P1","FirebirdSQL","FBQ-006","mapped","1","0","NFG_FBQ-006","P1","SELECT FIRST 10 SKIP 5 id FROM docs PLAN NATURAL OPTIMIZE FOR 100 ROWS FOR UPDATE WITH LOCK"
"SYN13-0032","NFG_FBQ-007","P0","FirebirdSQL","FBQ-007","mapped","1","0","NFG_FBQ-007","P0","SELECT FIRST 10 SKIP 5 id FROM docs PLAN NATURAL OPTIMIZE FOR 100 ROWS FOR UPDATE WITH LOCK"
"SYN13-0033","NFG_FBQ-008","P0","FirebirdSQL","FBQ-008","mapped","1","0","NFG_FBQ-008","P0","SELECT FIRST 10 SKIP 5 id FROM docs PLAN NATURAL OPTIMIZE FOR 100 ROWS FOR UPDATE WITH LOCK"
"SYN13-0034","NFG_FBQ-009","P1","FirebirdSQL","FBQ-009","mapped","1","0","NFG_FBQ-009","P1","SELECT FIRST 10 SKIP 5 id FROM docs PLAN NATURAL OPTIMIZE FOR 100 ROWS FOR UPDATE WITH LOCK"
"SYN13-0035","NFG_FBQ-010","P0","FirebirdSQL","FBQ-010","mapped","1","0","NFG_FBQ-010","P0","SELECT FIRST 10 SKIP 5 id FROM docs PLAN NATURAL OPTIMIZE FOR 100 ROWS FOR UPDATE WITH LOCK"
"SYN13-0036","NFG_FBQ-011","P0","FirebirdSQL","FBQ-011","mapped","1","0","NFG_FBQ-011","P0","SELECT FIRST 10 SKIP 5 id FROM docs PLAN NATURAL OPTIMIZE FOR 100 ROWS FOR UPDATE WITH LOCK"
"SYN13-0037","NFG_FBQ-012","P1","FirebirdSQL","FBQ-012","mapped","1","0","NFG_FBQ-012","P1","SELECT FIRST 10 SKIP 5 id FROM docs PLAN NATURAL OPTIMIZE FOR 100 ROWS FOR UPDATE WITH LOCK"
"SYN13-0038","NFG_FBQ-013","P0","FirebirdSQL","FBQ-013","mapped","1","0","NFG_FBQ-013","P0","SELECT FIRST 10 SKIP 5 id FROM docs PLAN NATURAL OPTIMIZE FOR 100 ROWS FOR UPDATE WITH LOCK"
"SYN13-0039","NFG_FBQ-014","P0","FirebirdSQL","FBQ-014","mapped","1","0","NFG_FBQ-014","P0","SELECT FIRST 10 SKIP 5 id FROM docs PLAN NATURAL OPTIMIZE FOR 100 ROWS FOR UPDATE WITH LOCK"
"SYN13-0040","NFG_FBQ-015","P0","FirebirdSQL","FBQ-015","mapped","1","0","NFG_FBQ-015","P0","SELECT FIRST 10 SKIP 5 id FROM docs PLAN NATURAL OPTIMIZE FOR 100 ROWS FOR UPDATE WITH LOCK"
"SYN13-0041","NFG_FBQ-016","P1","FirebirdSQL","FBQ-016","mapped","1","0","NFG_FBQ-016","P1","SELECT FIRST 10 SKIP 5 id FROM docs PLAN NATURAL OPTIMIZE FOR 100 ROWS FOR UPDATE WITH LOCK"
"SYN13-0042","NFG_FBQ-017","P0","FirebirdSQL","FBQ-017","mapped","1","0","NFG_FBQ-017","P0","SELECT FIRST 10 SKIP 5 id FROM docs PLAN NATURAL OPTIMIZE FOR 100 ROWS FOR UPDATE WITH LOCK"
"SYN13-0043","NFG_FBQ-018","P1","FirebirdSQL","FBQ-018","mapped","1","0","NFG_FBQ-018","P1","SELECT FIRST 10 SKIP 5 id FROM docs PLAN NATURAL OPTIMIZE FOR 100 ROWS FOR UPDATE WITH LOCK"
"SYN13-0044","NFG_FBQ-019","P0","FirebirdSQL","FBQ-019","mapped","1","0","NFG_FBQ-019","P0","SELECT FIRST 10 SKIP 5 id FROM docs PLAN NATURAL OPTIMIZE FOR 100 ROWS FOR UPDATE WITH LOCK"
"SYN13-0045","NFG_FBQ-020","P0","FirebirdSQL","FBQ-020","mapped","1","0","NFG_FBQ-020","P0","SELECT FIRST 10 SKIP 5 id FROM docs PLAN NATURAL OPTIMIZE FOR 100 ROWS FOR UPDATE WITH LOCK"
"SYN13-0046","NFG_FBQ-021","P1","FirebirdSQL","FBQ-021","mapped","1","0","NFG_FBQ-021","P1","SELECT FIRST 10 SKIP 5 id FROM docs PLAN NATURAL OPTIMIZE FOR 100 ROWS FOR UPDATE WITH LOCK"
"SYN13-0047","NFG_FBQ-022","P0","FirebirdSQL","FBQ-022","mapped","1","0","NFG_FBQ-022","P0","SELECT FIRST 10 SKIP 5 id FROM docs PLAN NATURAL OPTIMIZE FOR 100 ROWS FOR UPDATE WITH LOCK"
"SYN13-0048","NFG_FBQ-023","P0","FirebirdSQL","FBQ-023","mapped","1","0","NFG_FBQ-023","P0","INSTALL EXTENSION httpfs"
"SYN13-0049","NFG_FBQ-024","P1","FirebirdSQL","FBQ-024","mapped","1","0","NFG_FBQ-024","P1","INSTALL EXTENSION httpfs"
"SYN13-0050","NFG_FBQ-025","P0","FirebirdSQL","FBQ-025","mapped","1","0","NFG_FBQ-025","P0","INSTALL EXTENSION httpfs"
"SYN13-0051","NFG_FBQ-026","P0","FirebirdSQL","FBQ-026","mapped","1","0","NFG_FBQ-026","P0","SECURITY LABEL FOR sec_provider ON TABLE docs IS 'classified'"
"SYN13-0052","NFG_IFX-001","P0","InfluxDB","IFX-001","mapped","1","0","NFG_IFX-001","P0","SELECT FIRST 10 SKIP 5 id FROM docs PLAN NATURAL OPTIMIZE FOR 100 ROWS FOR UPDATE WITH LOCK"
"SYN13-0053","NFG_IFX-002","P0","InfluxDB","IFX-002","mapped","1","0","NFG_IFX-002","P0","SELECT FIRST 10 SKIP 5 id FROM docs PLAN NATURAL OPTIMIZE FOR 100 ROWS FOR UPDATE WITH LOCK"
"SYN13-0054","NFG_IFX-003","P1","InfluxDB","IFX-003","mapped","1","0","NFG_IFX-003","P1","SELECT FIRST 10 SKIP 5 id FROM docs PLAN NATURAL OPTIMIZE FOR 100 ROWS FOR UPDATE WITH LOCK"
"SYN13-0055","NFG_IFX-004","P1","InfluxDB","IFX-004","mapped","1","0","NFG_IFX-004","P1","SELECT FIRST 10 SKIP 5 id FROM docs PLAN NATURAL OPTIMIZE FOR 100 ROWS FOR UPDATE WITH LOCK"
"SYN13-0056","NFG_IFX-005","P1","InfluxDB","IFX-005","mapped","1","0","NFG_IFX-005","P1","SECURITY LABEL FOR sec_provider ON TABLE docs IS 'classified'"
"SYN13-0057","NFG_IFX-006","P2","InfluxDB","IFX-006","mapped","1","0","NFG_IFX-006","P2","INSTALL EXTENSION httpfs"
"SYN13-0058","NFG_MDB-001","P0","MariaDB","MDB-001","mapped","1","0","NFG_MDB-001","P0","CREATE PUBLICATION pub_all FOR ALL TABLES"
"SYN13-0059","NFG_MDB-002","P1","MariaDB","MDB-002","mapped","1","0","NFG_MDB-002","P1","SELECT FIRST 10 SKIP 5 id FROM docs PLAN NATURAL OPTIMIZE FOR 100 ROWS FOR UPDATE WITH LOCK"
"SYN13-0060","NFG_MDB-003","P0","MariaDB","MDB-003","mapped","1","0","NFG_MDB-003","P0","SELECT FIRST 10 SKIP 5 id FROM docs PLAN NATURAL OPTIMIZE FOR 100 ROWS FOR UPDATE WITH LOCK"
"SYN13-0061","NFG_MDB-004","P2","MariaDB","MDB-004","mapped","1","0","NFG_MDB-004","P2","SELECT FIRST 10 SKIP 5 id FROM docs PLAN NATURAL OPTIMIZE FOR 100 ROWS FOR UPDATE WITH LOCK"
"SYN13-0062","NFG_MDB-005","P1","MariaDB","MDB-005","mapped","1","0","NFG_MDB-005","P1","SELECT FIRST 10 SKIP 5 id FROM docs PLAN NATURAL OPTIMIZE FOR 100 ROWS FOR UPDATE WITH LOCK"
"SYN13-0063","NFG_MDB-006","P1","MariaDB","MDB-006","mapped","1","0","NFG_MDB-006","P1","CREATE TABLE t_types ( agg AGGREGATEFUNCTION(sum, UInt64), sagg SIMPLEAGGREGATEFUNCTION(sum, UInt64), dyn DYNAMIC(JSON), bits QBIT(128), big BIGNUM(256) )"
"SYN13-0064","NFG_MDB-007","P1","MariaDB","MDB-007","mapped","1","0","NFG_MDB-007","P1","CREATE TABLE t_types ( agg AGGREGATEFUNCTION(sum, UInt64), sagg SIMPLEAGGREGATEFUNCTION(sum, UInt64), dyn DYNAMIC(JSON), bits QBIT(128), big BIGNUM(256) )"
"SYN13-0065","NFG_MDB-008","P1","MariaDB","MDB-008","mapped","1","0","NFG_MDB-008","P1","SECURITY LABEL FOR sec_provider ON TABLE docs IS 'classified'"
"SYN13-0066","NFG_MDBX-101","P2","MariaDB","MDBX-101","mapped","1","0","NFG_MDBX-101","P2","INSTALL EXTENSION httpfs"
"SYN13-0067","NFG_MVQ-001","P0","Milvus","MVQ-001","mapped","1","0","NFG_MVQ-001","P0","CREATE INDEX idx_vectors_pq ON vectors USING IVF_PQ (embedding) WITH (NLIST = 1024, M = 16, NPROBE = 32)"
"SYN13-0068","NFG_MVQ-002","P1","Milvus","MVQ-002","mapped","1","0","NFG_MVQ-002","P1","CREATE INDEX idx_vectors_pq ON vectors USING IVF_PQ (embedding) WITH (NLIST = 1024, M = 16, NPROBE = 32)"
"SYN13-0069","NFG_MVQ-003","P1","Milvus","MVQ-003","mapped","1","0","NFG_MVQ-003","P1","SELECT FIRST 10 SKIP 5 id FROM docs PLAN NATURAL OPTIMIZE FOR 100 ROWS FOR UPDATE WITH LOCK"
"SYN13-0070","NFG_MVQ-004","P1","Milvus","MVQ-004","mapped","1","0","NFG_MVQ-004","P1","SET SINGLE_WRITER ON"
"SYN13-0071","NFG_MVQ-005","P1","Milvus","MVQ-005","mapped","1","0","NFG_MVQ-005","P1","SECURITY LABEL FOR sec_provider ON TABLE docs IS 'classified'"
"SYN13-0072","NFG_MVQ-006","P1","Milvus","MVQ-006","mapped","1","0","NFG_MVQ-006","P1","SELECT FIRST 10 SKIP 5 id FROM docs PLAN NATURAL OPTIMIZE FOR 100 ROWS FOR UPDATE WITH LOCK"
"SYN13-0073","NFG_MVX-101","P2","Milvus","MVX-101","mapped","1","0","NFG_MVX-101","P2","INSTALL EXTENSION httpfs"
"SYN13-0074","NFG_MVX-102","P2","Milvus","MVX-102","mapped","1","0","NFG_MVX-102","P2","INSTALL EXTENSION httpfs"
"SYN13-0075","NFG_MGQ-001","P0","MongoDB","MGQ-001","mapped","1","0","NFG_MGQ-001","P0","SELECT FIRST 10 SKIP 5 id FROM docs PLAN NATURAL OPTIMIZE FOR 100 ROWS FOR UPDATE WITH LOCK"
"SYN13-0076","NFG_MGQ-002","P1","MongoDB","MGQ-002","mapped","1","0","NFG_MGQ-002","P1","SELECT FIRST 10 SKIP 5 id FROM docs PLAN NATURAL OPTIMIZE FOR 100 ROWS FOR UPDATE WITH LOCK"
"SYN13-0077","NFG_MGQ-003","P0","MongoDB","MGQ-003","mapped","1","0","NFG_MGQ-003","P0","CREATE PUBLICATION pub_all FOR ALL TABLES"
"SYN13-0078","NFG_MGQ-004","P0","MongoDB","MGQ-004","mapped","1","0","NFG_MGQ-004","P0","SELECT FIRST 10 SKIP 5 id FROM docs PLAN NATURAL OPTIMIZE FOR 100 ROWS FOR UPDATE WITH LOCK"
"SYN13-0079","NFG_MGQ-005","P1","MongoDB","MGQ-005","mapped","1","0","NFG_MGQ-005","P1","SELECT FIRST 10 SKIP 5 id FROM docs PLAN NATURAL OPTIMIZE FOR 100 ROWS FOR UPDATE WITH LOCK"
"SYN13-0080","NFG_MGQ-006","P1","MongoDB","MGQ-006","mapped","1","0","NFG_MGQ-006","P1","SECURITY LABEL FOR sec_provider ON TABLE docs IS 'classified'"
"SYN13-0081","NFG_MGQ-007","P1","MongoDB","MGQ-007","mapped","1","0","NFG_MGQ-007","P1","SELECT FIRST 10 SKIP 5 id FROM docs PLAN NATURAL OPTIMIZE FOR 100 ROWS FOR UPDATE WITH LOCK"
"SYN13-0082","NFG_MGX-101","P2","MongoDB","MGX-101","mapped","1","0","NFG_MGX-101","P2","INSTALL EXTENSION httpfs"
"SYN13-0083","NFG_MGX-102","P2","MongoDB","MGX-102","mapped","1","0","NFG_MGX-102","P2","INSTALL EXTENSION httpfs"
"SYN13-0084","NFG_MYA-001","P0","MySQL","MYA-001","mapped","1","0","NFG_MYA-001","P0","SELECT FIRST 10 SKIP 5 id FROM docs PLAN NATURAL OPTIMIZE FOR 100 ROWS FOR UPDATE WITH LOCK"
"SYN13-0085","NFG_MYA-002","P0","MySQL","MYA-002","mapped","1","0","NFG_MYA-002","P0","CREATE PUBLICATION pub_all FOR ALL TABLES"
"SYN13-0086","NFG_MYA-003","P0","MySQL","MYA-003","mapped","1","0","NFG_MYA-003","P0","SET SINGLE_WRITER ON"
"SYN13-0087","NFG_MYA-004","P0","MySQL","MYA-004","mapped","1","0","NFG_MYA-004","P0","INSTALL EXTENSION httpfs"
"SYN13-0088","NFG_MYD-001","P1","MySQL","MYD-001","mapped","1","0","NFG_MYD-001","P1","SELECT FIRST 10 SKIP 5 id FROM docs PLAN NATURAL OPTIMIZE FOR 100 ROWS FOR UPDATE WITH LOCK"
"SYN13-0089","NFG_MYD-002","P0","MySQL","MYD-002","mapped","1","0","NFG_MYD-002","P0","SELECT FIRST 10 SKIP 5 id FROM docs PLAN NATURAL OPTIMIZE FOR 100 ROWS FOR UPDATE WITH LOCK"
"SYN13-0090","NFG_MYD-003","P0","MySQL","MYD-003","mapped","1","0","NFG_MYD-003","P0","SELECT FIRST 10 SKIP 5 id FROM docs PLAN NATURAL OPTIMIZE FOR 100 ROWS FOR UPDATE WITH LOCK"
"SYN13-0091","NFG_MYD-004","P1","MySQL","MYD-004","mapped","1","0","NFG_MYD-004","P1","SELECT FIRST 10 SKIP 5 id FROM docs PLAN NATURAL OPTIMIZE FOR 100 ROWS FOR UPDATE WITH LOCK"
"SYN13-0092","NFG_MYD-005","P1","MySQL","MYD-005","mapped","1","0","NFG_MYD-005","P1","SELECT FIRST 10 SKIP 5 id FROM docs PLAN NATURAL OPTIMIZE FOR 100 ROWS FOR UPDATE WITH LOCK"
"SYN13-0093","NFG_MYD-006","P1","MySQL","MYD-006","mapped","1","0","NFG_MYD-006","P1","SELECT FIRST 10 SKIP 5 id FROM docs PLAN NATURAL OPTIMIZE FOR 100 ROWS FOR UPDATE WITH LOCK"
"SYN13-0094","NFG_MYD-007","P0","MySQL","MYD-007","mapped","1","0","NFG_MYD-007","P0","SECURITY LABEL FOR sec_provider ON TABLE docs IS 'classified'"
"SYN13-0095","NFG_MYD-008","P0","MySQL","MYD-008","mapped","1","0","NFG_MYD-008","P0","SECURITY LABEL FOR sec_provider ON TABLE docs IS 'classified'"
"SYN13-0096","NFG_MYQ-001","P0","MySQL","MYQ-001","mapped","1","0","NFG_MYQ-001","P0","SELECT FIRST 10 SKIP 5 id FROM docs PLAN NATURAL OPTIMIZE FOR 100 ROWS FOR UPDATE WITH LOCK"
"SYN13-0097","NFG_MYQ-002","P1","MySQL","MYQ-002","mapped","1","0","NFG_MYQ-002","P1","SELECT FIRST 10 SKIP 5 id FROM docs PLAN NATURAL OPTIMIZE FOR 100 ROWS FOR UPDATE WITH LOCK"
"SYN13-0098","NFG_MYQ-003","P0","MySQL","MYQ-003","mapped","1","0","NFG_MYQ-003","P0","SELECT FIRST 10 SKIP 5 id FROM docs PLAN NATURAL OPTIMIZE FOR 100 ROWS FOR UPDATE WITH LOCK"
"SYN13-0099","NFG_MYQ-004","P0","MySQL","MYQ-004","mapped","1","0","NFG_MYQ-004","P0","SELECT FIRST 10 SKIP 5 id FROM docs PLAN NATURAL OPTIMIZE FOR 100 ROWS FOR UPDATE WITH LOCK"
"SYN13-0100","NFG_MYQ-005","P0","MySQL","MYQ-005","mapped","1","0","NFG_MYQ-005","P0","SELECT FIRST 10 SKIP 5 id FROM docs PLAN NATURAL OPTIMIZE FOR 100 ROWS FOR UPDATE WITH LOCK"
"SYN13-0101","NFG_MYQ-006","P0","MySQL","MYQ-006","mapped","1","0","NFG_MYQ-006","P0","SELECT FIRST 10 SKIP 5 id FROM docs PLAN NATURAL OPTIMIZE FOR 100 ROWS FOR UPDATE WITH LOCK"
"SYN13-0102","NFG_MYQ-007","P0","MySQL","MYQ-007","mapped","1","0","NFG_MYQ-007","P0","SELECT FIRST 10 SKIP 5 id FROM docs PLAN NATURAL OPTIMIZE FOR 100 ROWS FOR UPDATE WITH LOCK"
"SYN13-0103","NFG_MYQ-008","P0","MySQL","MYQ-008","mapped","1","0","NFG_MYQ-008","P0","SELECT FIRST 10 SKIP 5 id FROM docs PLAN NATURAL OPTIMIZE FOR 100 ROWS FOR UPDATE WITH LOCK"
"SYN13-0104","NFG_MYQ-009","P0","MySQL","MYQ-009","mapped","1","0","NFG_MYQ-009","P0","SELECT FIRST 10 SKIP 5 id FROM docs PLAN NATURAL OPTIMIZE FOR 100 ROWS FOR UPDATE WITH LOCK"
"SYN13-0105","NFG_MYQ-010","P0","MySQL","MYQ-010","mapped","1","0","NFG_MYQ-010","P0","SELECT FIRST 10 SKIP 5 id FROM docs PLAN NATURAL OPTIMIZE FOR 100 ROWS FOR UPDATE WITH LOCK"
"SYN13-0106","NFG_MYQ-011","P0","MySQL","MYQ-011","mapped","1","0","NFG_MYQ-011","P0","SELECT FIRST 10 SKIP 5 id FROM docs PLAN NATURAL OPTIMIZE FOR 100 ROWS FOR UPDATE WITH LOCK"
"SYN13-0107","NFG_MYQ-012","P0","MySQL","MYQ-012","mapped","1","0","NFG_MYQ-012","P0","SELECT FIRST 10 SKIP 5 id FROM docs PLAN NATURAL OPTIMIZE FOR 100 ROWS FOR UPDATE WITH LOCK"
"SYN13-0108","NFG_MYQ-013","P1","MySQL","MYQ-013","mapped","1","0","NFG_MYQ-013","P1","SELECT FIRST 10 SKIP 5 id FROM docs PLAN NATURAL OPTIMIZE FOR 100 ROWS FOR UPDATE WITH LOCK"
"SYN13-0109","NFG_MYQ-014","P0","MySQL","MYQ-014","mapped","1","0","NFG_MYQ-014","P0","SELECT FIRST 10 SKIP 5 id FROM docs PLAN NATURAL OPTIMIZE FOR 100 ROWS FOR UPDATE WITH LOCK"
"SYN13-0110","NFG_MYQ-015","P1","MySQL","MYQ-015","mapped","1","0","NFG_MYQ-015","P1","SELECT FIRST 10 SKIP 5 id FROM docs PLAN NATURAL OPTIMIZE FOR 100 ROWS FOR UPDATE WITH LOCK"
"SYN13-0111","NFG_MYX-101","P1","MySQL","MYX-101","mapped","1","0","NFG_MYX-101","P1","INSTALL EXTENSION httpfs"
"SYN13-0112","NFG_MYX-102","P1","MySQL","MYX-102","mapped","1","0","NFG_MYX-102","P1","INSTALL EXTENSION httpfs"
"SYN13-0113","NFG_MYX-103","P1","MySQL","MYX-103","mapped","1","0","NFG_MYX-103","P1","INSTALL EXTENSION httpfs"
"SYN13-0114","NFG_MYX-104","P1","MySQL","MYX-104","mapped","1","0","NFG_MYX-104","P1","INSTALL EXTENSION httpfs"
"SYN13-0115","NFG_MYX-105","P1","MySQL","MYX-105","mapped","1","0","NFG_MYX-105","P1","INSTALL EXTENSION httpfs"
"SYN13-0116","NFG_N4Q-001","P0","Neo4j","N4Q-001","mapped","1","0","NFG_N4Q-001","P0","SELECT FIRST 10 SKIP 5 id FROM docs PLAN NATURAL OPTIMIZE FOR 100 ROWS FOR UPDATE WITH LOCK"
"SYN13-0117","NFG_N4Q-002","P1","Neo4j","N4Q-002","mapped","1","0","NFG_N4Q-002","P1","SELECT FIRST 10 SKIP 5 id FROM docs PLAN NATURAL OPTIMIZE FOR 100 ROWS FOR UPDATE WITH LOCK"
"SYN13-0118","NFG_N4Q-003","P1","Neo4j","N4Q-003","mapped","1","0","NFG_N4Q-003","P1","CREATE INDEX idx_vectors_pq ON vectors USING IVF_PQ (embedding) WITH (NLIST = 1024, M = 16, NPROBE = 32)"
"SYN13-0119","NFG_N4Q-004","P1","Neo4j","N4Q-004","mapped","1","0","NFG_N4Q-004","P1","CREATE INDEX idx_vectors_pq ON vectors USING IVF_PQ (embedding) WITH (NLIST = 1024, M = 16, NPROBE = 32)"
"SYN13-0120","NFG_N4Q-005","P2","Neo4j","N4Q-005","mapped","1","0","NFG_N4Q-005","P2","SELECT FIRST 10 SKIP 5 id FROM docs PLAN NATURAL OPTIMIZE FOR 100 ROWS FOR UPDATE WITH LOCK"
"SYN13-0121","NFG_N4Q-006","P1","Neo4j","N4Q-006","mapped","1","0","NFG_N4Q-006","P1","SECURITY LABEL FOR sec_provider ON TABLE docs IS 'classified'"
"SYN13-0122","NFG_N4X-101","P2","Neo4j","N4X-101","mapped","1","0","NFG_N4X-101","P2","INSTALL EXTENSION httpfs"
"SYN13-0123","NFG_N4X-102","P2","Neo4j","N4X-102","mapped","1","0","NFG_N4X-102","P2","INSTALL EXTENSION httpfs"
"SYN13-0124","NFG_OPS-001","P0","OpenSearch","OPS-001","mapped","1","0","NFG_OPS-001","P0","SELECT FIRST 10 SKIP 5 id FROM docs PLAN NATURAL OPTIMIZE FOR 100 ROWS FOR UPDATE WITH LOCK"
"SYN13-0125","NFG_OPS-002","P0","OpenSearch","OPS-002","mapped","1","0","NFG_OPS-002","P0","SELECT FIRST 10 SKIP 5 id FROM docs PLAN NATURAL OPTIMIZE FOR 100 ROWS FOR UPDATE WITH LOCK"
"SYN13-0126","NFG_OPS-003","P1","OpenSearch","OPS-003","mapped","1","0","NFG_OPS-003","P1","SELECT FIRST 10 SKIP 5 id FROM docs PLAN NATURAL OPTIMIZE FOR 100 ROWS FOR UPDATE WITH LOCK"
"SYN13-0127","NFG_OPS-004","P1","OpenSearch","OPS-004","mapped","1","0","NFG_OPS-004","P1","SELECT FIRST 10 SKIP 5 id FROM docs PLAN NATURAL OPTIMIZE FOR 100 ROWS FOR UPDATE WITH LOCK"
"SYN13-0128","NFG_OPS-005","P1","OpenSearch","OPS-005","mapped","1","0","NFG_OPS-005","P1","CREATE INDEX idx_vectors_pq ON vectors USING IVF_PQ (embedding) WITH (NLIST = 1024, M = 16, NPROBE = 32)"
"SYN13-0129","NFG_OPS-006","P2","OpenSearch","OPS-006","mapped","1","0","NFG_OPS-006","P2","CREATE INDEX idx_vectors_pq ON vectors USING IVF_PQ (embedding) WITH (NLIST = 1024, M = 16, NPROBE = 32)"
"SYN13-0130","NFG_OPS-007","P1","OpenSearch","OPS-007","mapped","1","0","NFG_OPS-007","P1","SECURITY LABEL FOR sec_provider ON TABLE docs IS 'classified'"
"SYN13-0131","NFG_OPSX-101","P2","OpenSearch","OPSX-101","mapped","1","0","NFG_OPSX-101","P2","INSTALL EXTENSION httpfs"
"SYN13-0132","NFG_PGQ-001","P0","PostgreSQL","PGQ-001","mapped","1","0","NFG_PGQ-001","P0","SELECT FIRST 10 SKIP 5 id FROM docs PLAN NATURAL OPTIMIZE FOR 100 ROWS FOR UPDATE WITH LOCK"
"SYN13-0133","NFG_PGQ-002","P0","PostgreSQL","PGQ-002","mapped","1","0","NFG_PGQ-002","P0","SELECT FIRST 10 SKIP 5 id FROM docs PLAN NATURAL OPTIMIZE FOR 100 ROWS FOR UPDATE WITH LOCK"
"SYN13-0134","NFG_PGQ-003","P0","PostgreSQL","PGQ-003","mapped","1","0","NFG_PGQ-003","P0","SELECT FIRST 10 SKIP 5 id FROM docs PLAN NATURAL OPTIMIZE FOR 100 ROWS FOR UPDATE WITH LOCK"
"SYN13-0135","NFG_PGQ-004","P0","PostgreSQL","PGQ-004","mapped","1","0","NFG_PGQ-004","P0","SELECT FIRST 10 SKIP 5 id FROM docs PLAN NATURAL OPTIMIZE FOR 100 ROWS FOR UPDATE WITH LOCK"
"SYN13-0136","NFG_PGQ-005","P0","PostgreSQL","PGQ-005","mapped","1","0","NFG_PGQ-005","P0","SELECT FIRST 10 SKIP 5 id FROM docs PLAN NATURAL OPTIMIZE FOR 100 ROWS FOR UPDATE WITH LOCK"
"SYN13-0137","NFG_PGQ-006","P0","PostgreSQL","PGQ-006","mapped","1","0","NFG_PGQ-006","P0","SELECT FIRST 10 SKIP 5 id FROM docs PLAN NATURAL OPTIMIZE FOR 100 ROWS FOR UPDATE WITH LOCK"
"SYN13-0138","NFG_PGQ-007","P0","PostgreSQL","PGQ-007","mapped","1","0","NFG_PGQ-007","P0","SELECT FIRST 10 SKIP 5 id FROM docs PLAN NATURAL OPTIMIZE FOR 100 ROWS FOR UPDATE WITH LOCK"
"SYN13-0139","NFG_PGQ-008","P1","PostgreSQL","PGQ-008","mapped","1","0","NFG_PGQ-008","P1","SELECT FIRST 10 SKIP 5 id FROM docs PLAN NATURAL OPTIMIZE FOR 100 ROWS FOR UPDATE WITH LOCK"
"SYN13-0140","NFG_PGQ-009","P1","PostgreSQL","PGQ-009","mapped","1","0","NFG_PGQ-009","P1","SELECT FIRST 10 SKIP 5 id FROM docs PLAN NATURAL OPTIMIZE FOR 100 ROWS FOR UPDATE WITH LOCK"
"SYN13-0141","NFG_PGQ-010","P0","PostgreSQL","PGQ-010","mapped","1","0","NFG_PGQ-010","P0","SELECT FIRST 10 SKIP 5 id FROM docs PLAN NATURAL OPTIMIZE FOR 100 ROWS FOR UPDATE WITH LOCK"
"SYN13-0142","NFG_PGQ-011","P0","PostgreSQL","PGQ-011","mapped","1","0","NFG_PGQ-011","P0","SELECT FIRST 10 SKIP 5 id FROM docs PLAN NATURAL OPTIMIZE FOR 100 ROWS FOR UPDATE WITH LOCK"
"SYN13-0143","NFG_PGQ-012","P0","PostgreSQL","PGQ-012","mapped","1","0","NFG_PGQ-012","P0","SELECT FIRST 10 SKIP 5 id FROM docs PLAN NATURAL OPTIMIZE FOR 100 ROWS FOR UPDATE WITH LOCK"
"SYN13-0144","NFG_PGQ-013","P0","PostgreSQL","PGQ-013","mapped","1","0","NFG_PGQ-013","P0","SELECT FIRST 10 SKIP 5 id FROM docs PLAN NATURAL OPTIMIZE FOR 100 ROWS FOR UPDATE WITH LOCK"
"SYN13-0145","NFG_PGQ-014","P0","PostgreSQL","PGQ-014","mapped","1","0","NFG_PGQ-014","P0","INSTALL EXTENSION httpfs"
"SYN13-0146","NFG_PGQ-015","P1","PostgreSQL","PGQ-015","mapped","1","0","NFG_PGQ-015","P1","INSTALL EXTENSION httpfs"
"SYN13-0147","NFG_PGQ-016","P0","PostgreSQL","PGQ-016","mapped","1","0","NFG_PGQ-016","P0","CREATE PUBLICATION pub_all FOR ALL TABLES"
"SYN13-0148","NFG_PGQ-017","P0","PostgreSQL","PGQ-017","mapped","1","0","NFG_PGQ-017","P0","INSTALL EXTENSION httpfs"
"SYN13-0149","NFG_PGQ-018","P0","PostgreSQL","PGQ-018","mapped","1","0","NFG_PGQ-018","P0","SELECT FIRST 10 SKIP 5 id FROM docs PLAN NATURAL OPTIMIZE FOR 100 ROWS FOR UPDATE WITH LOCK"
"SYN13-0150","NFG_PGQ-019","P0","PostgreSQL","PGQ-019","mapped","1","0","NFG_PGQ-019","P0","INSTALL EXTENSION httpfs"
"SYN13-0151","NFG_PGQ-020","P1","PostgreSQL","PGQ-020","mapped","1","0","NFG_PGQ-020","P1","SELECT FIRST 10 SKIP 5 id FROM docs PLAN NATURAL OPTIMIZE FOR 100 ROWS FOR UPDATE WITH LOCK"
"SYN13-0152","NFG_PGQ-021","P1","PostgreSQL","PGQ-021","mapped","1","0","NFG_PGQ-021","P1","SECURITY LABEL FOR sec_provider ON TABLE docs IS 'classified'"
"SYN13-0153","NFG_PGQ-022","P0","PostgreSQL","PGQ-022","mapped","1","0","NFG_PGQ-022","P0","SECURITY LABEL FOR sec_provider ON TABLE docs IS 'classified'"
"SYN13-0154","NFG_PGQ-023","P0","PostgreSQL","PGQ-023","mapped","1","0","NFG_PGQ-023","P0","SECURITY LABEL FOR sec_provider ON TABLE docs IS 'classified'"
"SYN13-0155","NFG_PGQ-024","P0","PostgreSQL","PGQ-024","mapped","1","0","NFG_PGQ-024","P0","SELECT FIRST 10 SKIP 5 id FROM docs PLAN NATURAL OPTIMIZE FOR 100 ROWS FOR UPDATE WITH LOCK"
"SYN13-0156","NFG_PGX-101","P0","PostgreSQL","PGX-101","mapped","1","0","NFG_PGX-101","P0","SELECT FIRST 10 SKIP 5 id FROM docs PLAN NATURAL OPTIMIZE FOR 100 ROWS FOR UPDATE WITH LOCK"
"SYN13-0157","NFG_PGX-102","P1","PostgreSQL","PGX-102","mapped","1","0","NFG_PGX-102","P1","SELECT FIRST 10 SKIP 5 id FROM docs PLAN NATURAL OPTIMIZE FOR 100 ROWS FOR UPDATE WITH LOCK"
"SYN13-0158","NFG_PGX-103","P1","PostgreSQL","PGX-103","mapped","1","0","NFG_PGX-103","P1","SELECT FIRST 10 SKIP 5 id FROM docs PLAN NATURAL OPTIMIZE FOR 100 ROWS FOR UPDATE WITH LOCK"
"SYN13-0159","NFG_PGX-104","P1","PostgreSQL","PGX-104","mapped","1","0","NFG_PGX-104","P1","SELECT FIRST 10 SKIP 5 id FROM docs PLAN NATURAL OPTIMIZE FOR 100 ROWS FOR UPDATE WITH LOCK"
"SYN13-0160","NFG_PGX-105","P1","PostgreSQL","PGX-105","mapped","1","0","NFG_PGX-105","P1","SELECT FIRST 10 SKIP 5 id FROM docs PLAN NATURAL OPTIMIZE FOR 100 ROWS FOR UPDATE WITH LOCK"
"SYN13-0161","NFG_PGX-106","P1","PostgreSQL","PGX-106","mapped","1","0","NFG_PGX-106","P1","SELECT FIRST 10 SKIP 5 id FROM docs PLAN NATURAL OPTIMIZE FOR 100 ROWS FOR UPDATE WITH LOCK"
"SYN13-0162","NFG_PGX-107","P0","PostgreSQL","PGX-107","mapped","1","0","NFG_PGX-107","P0","SELECT FIRST 10 SKIP 5 id FROM docs PLAN NATURAL OPTIMIZE FOR 100 ROWS FOR UPDATE WITH LOCK"
"SYN13-0163","NFG_PGX-108","P1","PostgreSQL","PGX-108","mapped","1","0","NFG_PGX-108","P1","SELECT FIRST 10 SKIP 5 id FROM docs PLAN NATURAL OPTIMIZE FOR 100 ROWS FOR UPDATE WITH LOCK"
"SYN13-0164","NFG_PGX-109","P0","PostgreSQL","PGX-109","mapped","1","0","NFG_PGX-109","P0","SELECT FIRST 10 SKIP 5 id FROM docs PLAN NATURAL OPTIMIZE FOR 100 ROWS FOR UPDATE WITH LOCK"
"SYN13-0165","NFG_PGX-110","P1","PostgreSQL","PGX-110","mapped","1","0","NFG_PGX-110","P1","SELECT FIRST 10 SKIP 5 id FROM docs PLAN NATURAL OPTIMIZE FOR 100 ROWS FOR UPDATE WITH LOCK"
"SYN13-0166","NFG_PGX-111","P0","PostgreSQL","PGX-111","mapped","1","0","NFG_PGX-111","P0","SELECT FIRST 10 SKIP 5 id FROM docs PLAN NATURAL OPTIMIZE FOR 100 ROWS FOR UPDATE WITH LOCK"
"SYN13-0167","NFG_PGX-112","P1","PostgreSQL","PGX-112","mapped","1","0","NFG_PGX-112","P1","SELECT FIRST 10 SKIP 5 id FROM docs PLAN NATURAL OPTIMIZE FOR 100 ROWS FOR UPDATE WITH LOCK"
"SYN13-0168","NFG_PGX-113","P0","PostgreSQL","PGX-113","mapped","1","0","NFG_PGX-113","P0","SELECT FIRST 10 SKIP 5 id FROM docs PLAN NATURAL OPTIMIZE FOR 100 ROWS FOR UPDATE WITH LOCK"
"SYN13-0169","NFG_PGX-114","P0","PostgreSQL","PGX-114","mapped","1","0","NFG_PGX-114","P0","SELECT FIRST 10 SKIP 5 id FROM docs PLAN NATURAL OPTIMIZE FOR 100 ROWS FOR UPDATE WITH LOCK"
"SYN13-0170","NFG_RDQ-001","P0","Redis","RDQ-001","mapped","1","0","NFG_RDQ-001","P0","INSTALL EXTENSION httpfs"
"SYN13-0171","NFG_RDQ-002","P1","Redis","RDQ-002","mapped","1","0","NFG_RDQ-002","P1","INSTALL EXTENSION httpfs"
"SYN13-0172","NFG_RDQ-003","P0","Redis","RDQ-003","mapped","1","0","NFG_RDQ-003","P0","CREATE PUBLICATION pub_all FOR ALL TABLES"
"SYN13-0173","NFG_RDQ-004","P1","Redis","RDQ-004","mapped","1","0","NFG_RDQ-004","P1","SECURITY LABEL FOR sec_provider ON TABLE docs IS 'classified'"
"SYN13-0174","NFG_RDQ-005","P1","Redis","RDQ-005","mapped","1","0","NFG_RDQ-005","P1","INSTALL EXTENSION httpfs"
"SYN13-0175","NFG_RDX-101","P2","Redis","RDX-101","mapped","1","0","NFG_RDX-101","P2","INSTALL EXTENSION httpfs"
"SYN13-0176","NFG_RDX-102","P2","Redis","RDX-102","mapped","1","0","NFG_RDX-102","P2","INSTALL EXTENSION httpfs"
"SYN13-0177","NFG_RDX-103","P2","Redis","RDX-103","mapped","1","0","NFG_RDX-103","P2","INSTALL EXTENSION httpfs"
"SYN13-0178","NFG_RDX-104","P2","Redis","RDX-104","mapped","1","0","NFG_RDX-104","P2","INSTALL EXTENSION httpfs"
