case_id,input_sql,expected_feature_key,expected_decision,expected_error_code,source_spec,notes
D-001,"CREATE DATABASE appdb;",F_DDL_CREATE_DATABASE_NATIVE,ACCEPT,,21_V3_Dialect_Surface/NATIVE_DDL_LANGUAGE_DEFINITION.md,Basic create database
D-002,"CREATE DATABASE EMULATED firebird legacydb WITH (charset='UTF8');",F_DDL_CREATE_DATABASE_EMULATED,ACCEPT,,21_V3_Dialect_Surface/NATIVE_DDL_LANGUAGE_DEFINITION.md,Emulated create database
D-003,"CREATE DATABASE EMULATED unknown legacydb;",,REJECT,E_OPTION_VALUE_INVALID,21_V3_Dialect_Surface/NATIVE_PARSER_NORMALIZATION_AND_REJECTION_MATRIX.md,Invalid dialect token
D-004,"CREATE TABLE t1 (id INT) PARTITION BY RANGE(id) WITH (fillfactor=90);",,REJECT,E_CLAUSE_ORDER_INVALID,21_V3_Dialect_Surface/NATIVE_PARSER_NORMALIZATION_AND_REJECTION_MATRIX.md,PARTITION BY appears before WITH
D-005,"CREATE TABLE t1 (id INT) WITH (fillfactor=90) PARTITION BY RANGE(id);",F_DDL_CREATE_TABLE,ACCEPT,,21_V3_Dialect_Surface/NATIVE_DDL_LANGUAGE_DEFINITION.md,Valid clause order
D-006,"CREATE TABLE t1 (id INT) WITH (a=1) WITH (b=2);",,REJECT,E_CLAUSE_DUPLICATE,21_V3_Dialect_Surface/NATIVE_PARSER_NORMALIZATION_AND_REJECTION_MATRIX.md,Duplicate WITH clause
D-007,"ALTER TABLE t1;",,REJECT,E_CLAUSE_REQUIRED_MISSING,21_V3_Dialect_Surface/NATIVE_PARSER_NORMALIZATION_AND_REJECTION_MATRIX.md,Missing action list
D-008,"CREATE INDEX ix_t1_id ON t1 (id) WHERE id > 0 WITH (fillfactor=80);",F_DDL_CREATE_INDEX,ACCEPT,,21_V3_Dialect_Surface/NATIVE_DDL_LANGUAGE_DEFINITION.md,Valid CREATE INDEX ordering
D-009,"CREATE INDEX ix_t1_id ON t1 (id) WITH (fillfactor=80) WHERE id > 0;",,REJECT,E_CLAUSE_ORDER_INVALID,21_V3_Dialect_Surface/NATIVE_PARSER_NORMALIZATION_AND_REJECTION_MATRIX.md,WHERE must precede WITH
D-010,"CREATE INDEX ix_t1_id ON t1 (id) WHERE id > 0 WHERE id < 10;",,REJECT,E_CLAUSE_DUPLICATE,21_V3_Dialect_Surface/NATIVE_PARSER_NORMALIZATION_AND_REJECTION_MATRIX.md,Duplicate WHERE clause
D-011,"CREATE DOMAIN dom_no_as DEFAULT 1;",,REJECT,E_CLAUSE_REQUIRED_MISSING,21_V3_Dialect_Surface/NATIVE_PARSER_NORMALIZATION_AND_REJECTION_MATRIX.md,Missing AS domain body
D-012,"CREATE DOMAIN dom_bad AS INT WITH UNKNOWN (a=1);",,REJECT,E_OPTION_KEY_UNKNOWN,21_V3_Dialect_Surface/NATIVE_PARSER_NORMALIZATION_AND_REJECTION_MATRIX.md,Unknown WITH category
D-013,"CREATE VIEW v1 AS SELECT 1;",F_DDL_CREATE_VIEW,ACCEPT,,21_V3_Dialect_Surface/NATIVE_DDL_LANGUAGE_DEFINITION.md,Basic create view
D-014,"CREATE VIEW v1 WITH (x=1) AS SELECT 1;",,REJECT,E_CLAUSE_CONFLICT,21_V3_Dialect_Surface/NATIVE_PARSER_NORMALIZATION_AND_REJECTION_MATRIX.md,WITH not allowed for plain view
D-015,"CREATE MATERIALIZED VIEW mv1 AS SELECT 1 WITH (refresh='manual');",F_DDL_CREATE_MATERIALIZED_VIEW,ACCEPT,,21_V3_Dialect_Surface/NATIVE_DDL_LANGUAGE_DEFINITION.md,WITH allowed for materialized view
D-016,"CREATE FUNCTION f1() AS BEGIN RETURN 1; END;",,REJECT,E_CLAUSE_REQUIRED_MISSING,21_V3_Dialect_Surface/NATIVE_PARSER_NORMALIZATION_AND_REJECTION_MATRIX.md,Function requires RETURNS clause
D-017,"CREATE PROCEDURE p1() RETURNS INT AS BEGIN END;",,REJECT,E_CLAUSE_CONFLICT,21_V3_Dialect_Surface/NATIVE_PARSER_NORMALIZATION_AND_REJECTION_MATRIX.md,Procedure cannot use RETURNS
D-018,"CREATE TRIGGER trg BEFORE INSERT ON t1 FOR EACH ROW FOR EACH STATEMENT EXECUTE PROCEDURE p();",,REJECT,E_CLAUSE_DUPLICATE,21_V3_Dialect_Surface/NATIVE_PARSER_NORMALIZATION_AND_REJECTION_MATRIX.md,Duplicate FOR EACH clause
D-019,"CREATE TRIGGER trg BEFORE INSERT EXECUTE PROCEDURE p();",,REJECT,E_CLAUSE_REQUIRED_MISSING,21_V3_Dialect_Surface/NATIVE_PARSER_NORMALIZATION_AND_REJECTION_MATRIX.md,Missing ON <table_name>
D-020,"CREATE POLICY pol ON t1 USING (id > 0) WITH CHECK (id > 0);",F_DDL_CREATE_POLICY,ACCEPT,,21_V3_Dialect_Surface/NATIVE_DDL_LANGUAGE_DEFINITION.md,Valid policy
D-021,"CREATE POLICY pol USING (id > 0);",,REJECT,E_CLAUSE_REQUIRED_MISSING,21_V3_Dialect_Surface/NATIVE_PARSER_NORMALIZATION_AND_REJECTION_MATRIX.md,Policy missing ON clause
D-022,"ALTER BLOB FILTER fb SET (MODULE=m1,MODULE=m2);",,REJECT,E_OPTION_KEY_DUPLICATE,21_V3_Dialect_Surface/NATIVE_PARSER_NORMALIZATION_AND_REJECTION_MATRIX.md,Duplicate alter-set key
D-023,"ALTER BLOB FILTER fb SET (UNKNOWN=v);",,REJECT,E_OPTION_KEY_UNKNOWN,21_V3_Dialect_Surface/NATIVE_PARSER_NORMALIZATION_AND_REJECTION_MATRIX.md,Unknown alter-set key
D-024,"CREATE BLOB FILTER fb INPUT SUBTYPE 1 OUTPUT SUBTYPE 0 MODULE mod1 ENTRYPOINT ep1;",F_DDL_CREATE_BLOB_FILTER,ACCEPT,,21_V3_Dialect_Surface/NATIVE_DDL_LANGUAGE_DEFINITION.md,Valid blob filter create
D-025,"ALTER TABLE t1 ALTER COLUMN payload SET BLOB FILTER fb ON READ;",F_DDL_BIND_BLOB_FILTER,ACCEPT,,21_V3_Dialect_Surface/NATIVE_DDL_LANGUAGE_DEFINITION.md,Valid blob filter bind
D-026,"ALTER TABLE t1 ALTER COLUMN payload RESET BLOB FILTER;",F_DDL_UNBIND_BLOB_FILTER,ACCEPT,,21_V3_Dialect_Surface/NATIVE_DDL_LANGUAGE_DEFINITION.md,Valid blob filter unbind
D-027,"CREATE TABLE [sb_bad](id INT);",,REJECT,SYSTEM_NAME_PREFIX_FORBIDDEN,21_V3_Dialect_Surface/NATIVE_DDL_LANGUAGE_DEFINITION.md,System prefix forbidden for user object
D-028,"CREATE TABLE \"select\" (id INT);",F_DDL_CREATE_TABLE,ACCEPT,,21_V3_Dialect_Surface/OBJECT_NAMING_AND_QUOTING.md,Quoted reserved word allowed
D-029,"CREATE TABLE select (id INT);",,REJECT,E_TOKEN_UNSUPPORTED,21_V3_Dialect_Surface/NATIVE_DDL_LANGUAGE_DEFINITION.md,Unquoted reserved word token rejected
D-030,"CREATE TABLE t_exists (id INT);",F_DDL_CREATE_TABLE,ACCEPT,,21_V3_Dialect_Surface/NATIVE_DDL_LANGUAGE_DEFINITION.md,First create success
D-031,"CREATE TABLE t_exists (id INT);",,REJECT,OBJECT_ALREADY_EXISTS,21_V3_Dialect_Surface/NATIVE_DDL_LANGUAGE_DEFINITION.md,Duplicate object name rejected
D-032,"DROP TABLE missing_table;",,REJECT,OBJECT_NOT_FOUND,21_V3_Dialect_Surface/NATIVE_DDL_LANGUAGE_DEFINITION.md,Drop missing object rejected
D-033,"CREATE TABLE child_t (id INT, CONSTRAINT fk FOREIGN KEY (id) REFERENCES parent_missing(id));",,REJECT,INVALID_DEPENDENCY_REFERENCE,21_V3_Dialect_Surface/NATIVE_DDL_LANGUAGE_DEFINITION.md,Missing dependency
D-034,"CREATE DOMAIN dom_precision AS DECIMAL WITH OPTIONS (precision=-1);",,REJECT,DOMAIN_PARAMETER_INVALID,21_V3_Dialect_Surface/NATIVE_DDL_LANGUAGE_DEFINITION.md,Invalid domain parameter
D-035,"GRANT SELECT ON t1 TO role_reader;",F_DDL_GRANT,ACCEPT,,21_V3_Dialect_Surface/NATIVE_DDL_LANGUAGE_DEFINITION.md,Grant accepted
D-036,"REVOKE SELECT ON t1 FROM role_reader;",F_DDL_REVOKE,ACCEPT,,21_V3_Dialect_Surface/NATIVE_DDL_LANGUAGE_DEFINITION.md,Revoke accepted
