object_type	full_path	schema_path	object_name	object_id	schema_id	parent_object_id	dialect_tag	compat_name
ROLE	DB_OWNER		DB_OWNER	019d3778-98cf-7f21-b47f-113d54c67ce7	00000000-0000-0000-0000-000000000000	00000000-0000-0000-0000-000000000000		
ROLE	PUBLIC		PUBLIC	019d3778-98cf-73f4-ab72-fef942145420	00000000-0000-0000-0000-000000000000	00000000-0000-0000-0000-000000000000		
USER	SYSTEM		SYSTEM	019d3778-98c6-7e03-b93b-68625c82340e	00000000-0000-0000-0000-000000000000	00000000-0000-0000-0000-000000000000		
USER	SysArch		SysArch	019d3778-998c-741c-a525-7d1a7753838b	00000000-0000-0000-0000-000000000000	00000000-0000-0000-0000-000000000000		
DOMAIN	[sb_cas_dom]ascii		[sb_cas_dom]ascii	d4204c82-8fbe-588b-a540-d04a2c042083	00000000-0000-0000-0000-000000000000	00000000-0000-0000-0000-000000000000	cassandra	
DOMAIN	[sb_cas_dom]counter		[sb_cas_dom]counter	4f8acf3a-eb47-5e01-b88a-b29fab315370	00000000-0000-0000-0000-000000000000	00000000-0000-0000-0000-000000000000	cassandra	
DOMAIN	[sb_cas_dom]decimal		[sb_cas_dom]decimal	6356c85c-9418-548f-b6e3-a9c05614404f	00000000-0000-0000-0000-000000000000	00000000-0000-0000-0000-000000000000	cassandra	
DOMAIN	[sb_cas_dom]duration		[sb_cas_dom]duration	ddb7f787-c5ed-5014-b43e-df872a12a059	00000000-0000-0000-0000-000000000000	00000000-0000-0000-0000-000000000000	cassandra	
DOMAIN	[sb_cas_dom]time		[sb_cas_dom]time	ee4977d3-3151-5940-b1b0-d2756add5139	00000000-0000-0000-0000-000000000000	00000000-0000-0000-0000-000000000000	cassandra	
DOMAIN	[sb_cas_dom]timeuuid		[sb_cas_dom]timeuuid	db39bc89-9d6d-5b56-ac07-eab56b0a8dc2	00000000-0000-0000-0000-000000000000	00000000-0000-0000-0000-000000000000	cassandra	
DOMAIN	[sb_cas_dom]varint		[sb_cas_dom]varint	8367586f-572d-5290-870c-b6ca5b7912e3	00000000-0000-0000-0000-000000000000	00000000-0000-0000-0000-000000000000	cassandra	
DOMAIN	[sb_dom]ARRAY		[sb_dom]ARRAY	f80d1e4b-e04e-5ef5-bf9c-5a40ff7567dc	00000000-0000-0000-0000-000000000000	00000000-0000-0000-0000-000000000000	native	
DOMAIN	[sb_dom]BINARY		[sb_dom]BINARY	9257c457-9406-57bc-853f-c915f5a1eeb7	00000000-0000-0000-0000-000000000000	00000000-0000-0000-0000-000000000000	native	
DOMAIN	[sb_dom]BIT		[sb_dom]BIT	e76d1578-9831-5d20-98dc-e3033f1070ef	00000000-0000-0000-0000-000000000000	00000000-0000-0000-0000-000000000000	native	
DOMAIN	[sb_dom]BLOB		[sb_dom]BLOB	b329e911-8547-57c3-a961-435d385a44d6	00000000-0000-0000-0000-000000000000	00000000-0000-0000-0000-000000000000	native	
DOMAIN	[sb_dom]BOOL		[sb_dom]BOOL	485582c1-4d61-5cea-8550-82b514396345	00000000-0000-0000-0000-000000000000	00000000-0000-0000-0000-000000000000	native	
DOMAIN	[sb_dom]BYTEA		[sb_dom]BYTEA	06ab9cda-daf6-5ca8-b9bc-e1d6a0f1321b	00000000-0000-0000-0000-000000000000	00000000-0000-0000-0000-000000000000	native	
DOMAIN	[sb_dom]CIDR		[sb_dom]CIDR	0727ec8f-6834-5951-af28-ede9f68c3a50	00000000-0000-0000-0000-000000000000	00000000-0000-0000-0000-000000000000	native	
DOMAIN	[sb_dom]COMPOSITE		[sb_dom]COMPOSITE	7580fe77-97c1-5428-b7d3-cb4bc3a90781	00000000-0000-0000-0000-000000000000	00000000-0000-0000-0000-000000000000	native	
DOMAIN	[sb_dom]DATE		[sb_dom]DATE	3429cdab-ef30-52f5-ab74-509ec757910b	00000000-0000-0000-0000-000000000000	00000000-0000-0000-0000-000000000000	native	
DOMAIN	[sb_dom]DECFLOAT16		[sb_dom]DECFLOAT16	4902ede4-3ba8-5904-9428-af738f3e3d4f	00000000-0000-0000-0000-000000000000	00000000-0000-0000-0000-000000000000	native	
DOMAIN	[sb_dom]DECFLOAT34		[sb_dom]DECFLOAT34	74118548-8fef-56f7-993a-de351ef83aeb	00000000-0000-0000-0000-000000000000	00000000-0000-0000-0000-000000000000	native	
DOMAIN	[sb_dom]DECIMAL		[sb_dom]DECIMAL	95a60085-db51-564a-ae84-c182a8eb34a4	00000000-0000-0000-0000-000000000000	00000000-0000-0000-0000-000000000000	native	
DOMAIN	[sb_dom]DOMAIN		[sb_dom]DOMAIN	918cd4cc-052b-5720-be4c-8baaf7521a08	00000000-0000-0000-0000-000000000000	00000000-0000-0000-0000-000000000000	native	
DOMAIN	[sb_dom]ENUM		[sb_dom]ENUM	c7650a7b-35c8-535d-8e26-ccf5788e2b1b	00000000-0000-0000-0000-000000000000	00000000-0000-0000-0000-000000000000	native	
DOMAIN	[sb_dom]F32		[sb_dom]F32	a222543f-d078-5b39-83e9-5851ea3f7bc2	00000000-0000-0000-0000-000000000000	00000000-0000-0000-0000-000000000000	native	
DOMAIN	[sb_dom]F64		[sb_dom]F64	c1bc40c3-fec1-57b8-b88b-d9353266e41f	00000000-0000-0000-0000-000000000000	00000000-0000-0000-0000-000000000000	native	
DOMAIN	[sb_dom]GEOMETRY		[sb_dom]GEOMETRY	199b1e2d-7fb2-575a-b699-37cbceda3298	00000000-0000-0000-0000-000000000000	00000000-0000-0000-0000-000000000000	native	
DOMAIN	[sb_dom]GEOMETRYCOLLECTION		[sb_dom]GEOMETRYCOLLECTION	05781f27-0632-51c9-b36a-fd4d15157553	00000000-0000-0000-0000-000000000000	00000000-0000-0000-0000-000000000000	native	
DOMAIN	[sb_dom]HASH256		[sb_dom]HASH256	ee96e2e7-243d-5cbb-9d36-9670346f7133	00000000-0000-0000-0000-000000000000	00000000-0000-0000-0000-000000000000	native	
DOMAIN	[sb_dom]I128		[sb_dom]I128	cbe16fc6-fdeb-536f-843e-7ba0bbe6b81b	00000000-0000-0000-0000-000000000000	00000000-0000-0000-0000-000000000000	native	
DOMAIN	[sb_dom]I16		[sb_dom]I16	0cebba90-7c31-565b-a5df-03f0d250b3d7	00000000-0000-0000-0000-000000000000	00000000-0000-0000-0000-000000000000	native	
DOMAIN	[sb_dom]I32		[sb_dom]I32	d7af8b87-7c85-5595-8caf-c442671ea68d	00000000-0000-0000-0000-000000000000	00000000-0000-0000-0000-000000000000	native	
DOMAIN	[sb_dom]I64		[sb_dom]I64	9430f9ce-9551-5084-b113-d23f61890ae8	00000000-0000-0000-0000-000000000000	00000000-0000-0000-0000-000000000000	native	
DOMAIN	[sb_dom]I8		[sb_dom]I8	1297c36e-8ecd-5e44-b00f-369c348fbba4	00000000-0000-0000-0000-000000000000	00000000-0000-0000-0000-000000000000	native	
DOMAIN	[sb_dom]INDEX_TYPE		[sb_dom]INDEX_TYPE	b61bbc5e-0f31-5e5e-94a0-ca52ddbe7522	00000000-0000-0000-0000-000000000000	00000000-0000-0000-0000-000000000000	native	
DOMAIN	[sb_dom]INET		[sb_dom]INET	38281b5d-b192-5a39-9776-247c22651b0e	00000000-0000-0000-0000-000000000000	00000000-0000-0000-0000-000000000000	native	
DOMAIN	[sb_dom]INTERVAL		[sb_dom]INTERVAL	ec2d9a05-ead4-50e5-87ec-2167523c2310	00000000-0000-0000-0000-000000000000	00000000-0000-0000-0000-000000000000	native	
DOMAIN	[sb_dom]JSON		[sb_dom]JSON	368ba62e-aff6-5c4f-be3d-8f62bec1cb49	00000000-0000-0000-0000-000000000000	00000000-0000-0000-0000-000000000000	native	
DOMAIN	[sb_dom]JSONB		[sb_dom]JSONB	0b865c2f-796a-5248-83cb-4c922d326a49	00000000-0000-0000-0000-000000000000	00000000-0000-0000-0000-000000000000	native	
DOMAIN	[sb_dom]KEY_ATTACHMENT		[sb_dom]KEY_ATTACHMENT	48031ab4-5d6e-5daa-9589-131ffceda56d	00000000-0000-0000-0000-000000000000	00000000-0000-0000-0000-000000000000	scratchbird	
DOMAIN	[sb_dom]KEY_AUDIT_LOG		[sb_dom]KEY_AUDIT_LOG	44af6ed1-92f4-529b-9223-ce00350a3dee	00000000-0000-0000-0000-000000000000	00000000-0000-0000-0000-000000000000	scratchbird	
DOMAIN	[sb_dom]KEY_AUTHKEY		[sb_dom]KEY_AUTHKEY	14e6ddf1-ef48-5a2c-b620-4e16cafcfc8e	00000000-0000-0000-0000-000000000000	00000000-0000-0000-0000-000000000000	scratchbird	
DOMAIN	[sb_dom]KEY_CHARSET		[sb_dom]KEY_CHARSET	257871e8-aadb-5a58-a849-23ab43b01b7e	00000000-0000-0000-0000-000000000000	00000000-0000-0000-0000-000000000000	scratchbird	
DOMAIN	[sb_dom]KEY_COLLATION		[sb_dom]KEY_COLLATION	ee7ac6ba-c17f-5b4a-9076-5ef6db983c8c	00000000-0000-0000-0000-000000000000	00000000-0000-0000-0000-000000000000	scratchbird	
DOMAIN	[sb_dom]KEY_COLLATION_DEF		[sb_dom]KEY_COLLATION_DEF	47fbc37e-971b-5ba3-823e-458aa3d906d1	00000000-0000-0000-0000-000000000000	00000000-0000-0000-0000-000000000000	scratchbird	
DOMAIN	[sb_dom]KEY_COLUMN		[sb_dom]KEY_COLUMN	beaac4e0-7c48-5bf3-874f-7e3944c719e7	00000000-0000-0000-0000-000000000000	00000000-0000-0000-0000-000000000000	scratchbird	
DOMAIN	[sb_dom]KEY_COLUMN_PERMISSION		[sb_dom]KEY_COLUMN_PERMISSION	1c63045f-6115-525d-99c6-3ea699a5f1fa	00000000-0000-0000-0000-000000000000	00000000-0000-0000-0000-000000000000	scratchbird	
DOMAIN	[sb_dom]KEY_COMMENT		[sb_dom]KEY_COMMENT	f78d92dd-cb98-5844-a706-653045c76188	00000000-0000-0000-0000-000000000000	00000000-0000-0000-0000-000000000000	scratchbird	
DOMAIN	[sb_dom]KEY_CONSTRAINT		[sb_dom]KEY_CONSTRAINT	cc294d0b-096b-5a34-b552-84f936378112	00000000-0000-0000-0000-000000000000	00000000-0000-0000-0000-000000000000	scratchbird	
DOMAIN	[sb_dom]KEY_DATABASE		[sb_dom]KEY_DATABASE	875b37b1-adea-5ae2-8596-00966df89207	00000000-0000-0000-0000-000000000000	00000000-0000-0000-0000-000000000000	scratchbird	
DOMAIN	[sb_dom]KEY_DEPENDENCY		[sb_dom]KEY_DEPENDENCY	e6bb77e6-72b7-5899-ad52-573180337766	00000000-0000-0000-0000-000000000000	00000000-0000-0000-0000-000000000000	scratchbird	
DOMAIN	[sb_dom]KEY_DOMAIN		[sb_dom]KEY_DOMAIN	ff936abf-68fb-5be8-ade7-d3e857bf1a20	00000000-0000-0000-0000-000000000000	00000000-0000-0000-0000-000000000000	scratchbird	
DOMAIN	[sb_dom]KEY_DORMANT_TXN		[sb_dom]KEY_DORMANT_TXN	d8c24cd3-a89a-5316-9895-19237cbf44c9	00000000-0000-0000-0000-000000000000	00000000-0000-0000-0000-000000000000	scratchbird	
DOMAIN	[sb_dom]KEY_EMULATED_DB		[sb_dom]KEY_EMULATED_DB	f4e4dfe9-bec2-5151-8cce-a25229ea8fa7	00000000-0000-0000-0000-000000000000	00000000-0000-0000-0000-000000000000	scratchbird	
DOMAIN	[sb_dom]KEY_EMULATION_SERVER		[sb_dom]KEY_EMULATION_SERVER	e2cd38e1-7a6f-5b32-935a-eeaf5b17aaa8	00000000-0000-0000-0000-000000000000	00000000-0000-0000-0000-000000000000	scratchbird	
DOMAIN	[sb_dom]KEY_EMULATION_TYPE		[sb_dom]KEY_EMULATION_TYPE	5c909c6e-6d4f-5f27-947a-a168a7ff954e	00000000-0000-0000-0000-000000000000	00000000-0000-0000-0000-000000000000	scratchbird	
DOMAIN	[sb_dom]KEY_ENCRYPTION_KEY		[sb_dom]KEY_ENCRYPTION_KEY	7501db99-4279-5aa9-992c-1cab5f9a9dae	00000000-0000-0000-0000-000000000000	00000000-0000-0000-0000-000000000000	scratchbird	
DOMAIN	[sb_dom]KEY_EXCEPTION		[sb_dom]KEY_EXCEPTION	bc2a932a-5ed3-5019-99c7-0b177da7d087	00000000-0000-0000-0000-000000000000	00000000-0000-0000-0000-000000000000	scratchbird	
DOMAIN	[sb_dom]KEY_EXTENSION		[sb_dom]KEY_EXTENSION	85bb0f94-c10d-5608-a2df-2987e50df937	00000000-0000-0000-0000-000000000000	00000000-0000-0000-0000-000000000000	scratchbird	
DOMAIN	[sb_dom]KEY_FOREIGN_KEY		[sb_dom]KEY_FOREIGN_KEY	6d1ddaac-dda0-53dd-b1a1-f88224672087	00000000-0000-0000-0000-000000000000	00000000-0000-0000-0000-000000000000	scratchbird	
DOMAIN	[sb_dom]KEY_FOREIGN_SERVER		[sb_dom]KEY_FOREIGN_SERVER	6e139ac2-8886-599a-bf69-50c0875483fa	00000000-0000-0000-0000-000000000000	00000000-0000-0000-0000-000000000000	scratchbird	
DOMAIN	[sb_dom]KEY_FOREIGN_TABLE		[sb_dom]KEY_FOREIGN_TABLE	f4d095b5-7882-551e-9d2d-bf438fbca87c	00000000-0000-0000-0000-000000000000	00000000-0000-0000-0000-000000000000	scratchbird	
DOMAIN	[sb_dom]KEY_GROUP		[sb_dom]KEY_GROUP	70480315-183f-5ef1-9ad9-15b0f56d50ee	00000000-0000-0000-0000-000000000000	00000000-0000-0000-0000-000000000000	scratchbird	
DOMAIN	[sb_dom]KEY_GROUP_MAPPING		[sb_dom]KEY_GROUP_MAPPING	1799b6db-98db-568b-ab3b-51dcad3e87ae	00000000-0000-0000-0000-000000000000	00000000-0000-0000-0000-000000000000	scratchbird	
DOMAIN	[sb_dom]KEY_GROUP_MEMBER		[sb_dom]KEY_GROUP_MEMBER	10375d24-d79c-5725-8e72-d13004559414	00000000-0000-0000-0000-000000000000	00000000-0000-0000-0000-000000000000	scratchbird	
DOMAIN	[sb_dom]KEY_INDEX		[sb_dom]KEY_INDEX	fdb48026-9b90-5203-9cb0-f7d8c132d28c	00000000-0000-0000-0000-000000000000	00000000-0000-0000-0000-000000000000	scratchbird	
DOMAIN	[sb_dom]KEY_JOB		[sb_dom]KEY_JOB	d70b8f42-f4a7-568d-a78b-e127ff3da3fb	00000000-0000-0000-0000-000000000000	00000000-0000-0000-0000-000000000000	scratchbird	
DOMAIN	[sb_dom]KEY_JOB_DEPENDENCY		[sb_dom]KEY_JOB_DEPENDENCY	4c8bbd4e-fd57-5f7b-9658-023579b23755	00000000-0000-0000-0000-000000000000	00000000-0000-0000-0000-000000000000	scratchbird	
DOMAIN	[sb_dom]KEY_JOB_RUN		[sb_dom]KEY_JOB_RUN	566283e6-a0cc-500d-aa15-f5d2b0d94b37	00000000-0000-0000-0000-000000000000	00000000-0000-0000-0000-000000000000	scratchbird	
DOMAIN	[sb_dom]KEY_JOB_SECRET		[sb_dom]KEY_JOB_SECRET	e7d8d434-ba9a-55cd-9ee8-8391552f4656	00000000-0000-0000-0000-000000000000	00000000-0000-0000-0000-000000000000	scratchbird	
DOMAIN	[sb_dom]KEY_LOCK		[sb_dom]KEY_LOCK	b3cade14-17cd-59cf-ba73-c75e549943fb	00000000-0000-0000-0000-000000000000	00000000-0000-0000-0000-000000000000	scratchbird	
DOMAIN	[sb_dom]KEY_MAPPING		[sb_dom]KEY_MAPPING	9cb954a2-4173-587a-a86e-89a66cab0bea	00000000-0000-0000-0000-000000000000	00000000-0000-0000-0000-000000000000	scratchbird	
DOMAIN	[sb_dom]KEY_MEMBERSHIP		[sb_dom]KEY_MEMBERSHIP	f41dda15-561e-54ef-a9f8-7cdbd61f30b5	00000000-0000-0000-0000-000000000000	00000000-0000-0000-0000-000000000000	scratchbird	
DOMAIN	[sb_dom]KEY_MIGRATION		[sb_dom]KEY_MIGRATION	8cf4853f-e364-560f-b326-2c577cb9e0f5	00000000-0000-0000-0000-000000000000	00000000-0000-0000-0000-000000000000	scratchbird	
DOMAIN	[sb_dom]KEY_MIGRATION_HISTORY		[sb_dom]KEY_MIGRATION_HISTORY	8c16eece-0aca-5d49-ae46-51741f4f899e	00000000-0000-0000-0000-000000000000	00000000-0000-0000-0000-000000000000	scratchbird	
DOMAIN	[sb_dom]KEY_NODE		[sb_dom]KEY_NODE	b522822b-62c1-5d9a-be04-b2675e0f0354	00000000-0000-0000-0000-000000000000	00000000-0000-0000-0000-000000000000	scratchbird	
DOMAIN	[sb_dom]KEY_OBJECT		[sb_dom]KEY_OBJECT	8a34c8db-5e5d-512d-94a8-edd10ad4dc1c	00000000-0000-0000-0000-000000000000	00000000-0000-0000-0000-000000000000	scratchbird	
DOMAIN	[sb_dom]KEY_OBJECT_DEF		[sb_dom]KEY_OBJECT_DEF	b078378d-8085-52be-9304-b6101883ca26	00000000-0000-0000-0000-000000000000	00000000-0000-0000-0000-000000000000	scratchbird	
DOMAIN	[sb_dom]KEY_OBJECT_PERMISSION		[sb_dom]KEY_OBJECT_PERMISSION	cd98e28f-8640-59d3-a13d-9d5ce9c71d1e	00000000-0000-0000-0000-000000000000	00000000-0000-0000-0000-000000000000	scratchbird	
DOMAIN	[sb_dom]KEY_PACKAGE		[sb_dom]KEY_PACKAGE	167cf827-9297-56b4-92fc-079ad550e00d	00000000-0000-0000-0000-000000000000	00000000-0000-0000-0000-000000000000	scratchbird	
DOMAIN	[sb_dom]KEY_PERMISSION		[sb_dom]KEY_PERMISSION	7ce84d7e-846d-5a78-9f62-dee7b95f709f	00000000-0000-0000-0000-000000000000	00000000-0000-0000-0000-000000000000	scratchbird	
DOMAIN	[sb_dom]KEY_POLICY		[sb_dom]KEY_POLICY	ca62af3d-a3fb-538b-8ea8-65943d41be93	00000000-0000-0000-0000-000000000000	00000000-0000-0000-0000-000000000000	scratchbird	
DOMAIN	[sb_dom]KEY_PREPARED_TXN		[sb_dom]KEY_PREPARED_TXN	887adf6f-1daa-5f65-9c4b-c12a8b9bfd75	00000000-0000-0000-0000-000000000000	00000000-0000-0000-0000-000000000000	scratchbird	
DOMAIN	[sb_dom]KEY_PRINCIPAL		[sb_dom]KEY_PRINCIPAL	03e2da0c-ef45-559a-99e8-349e16a7a6d9	00000000-0000-0000-0000-000000000000	00000000-0000-0000-0000-000000000000	scratchbird	
DOMAIN	[sb_dom]KEY_PROCEDURE		[sb_dom]KEY_PROCEDURE	6e8aeea3-3f37-578c-9304-3a2cd9f0bc40	00000000-0000-0000-0000-000000000000	00000000-0000-0000-0000-000000000000	scratchbird	
DOMAIN	[sb_dom]KEY_PROC_PARAM		[sb_dom]KEY_PROC_PARAM	5057979a-0d62-5eaa-abf0-8827dd89692f	00000000-0000-0000-0000-000000000000	00000000-0000-0000-0000-000000000000	scratchbird	
DOMAIN	[sb_dom]KEY_RELATION		[sb_dom]KEY_RELATION	e0ee855b-b21c-5b82-aab6-04148d05250d	00000000-0000-0000-0000-000000000000	00000000-0000-0000-0000-000000000000	scratchbird	
DOMAIN	[sb_dom]KEY_ROLE		[sb_dom]KEY_ROLE	37d40386-b582-55ed-92a8-236ec1b0a5b4	00000000-0000-0000-0000-000000000000	00000000-0000-0000-0000-000000000000	scratchbird	
DOMAIN	[sb_dom]KEY_ROLE_MEMBER		[sb_dom]KEY_ROLE_MEMBER	fb84ed2d-68c2-52e1-adcf-455f87859e4b	00000000-0000-0000-0000-000000000000	00000000-0000-0000-0000-000000000000	scratchbird	
DOMAIN	[sb_dom]KEY_SCHEMA		[sb_dom]KEY_SCHEMA	86c3d0d4-3bc0-50bf-b27a-fd6aa29f7c45	00000000-0000-0000-0000-000000000000	00000000-0000-0000-0000-000000000000	scratchbird	
DOMAIN	[sb_dom]KEY_SECURITY_POLICY_EPOCH		[sb_dom]KEY_SECURITY_POLICY_EPOCH	bb0f07d8-7119-5dca-aae2-c0a33ad6b933	00000000-0000-0000-0000-000000000000	00000000-0000-0000-0000-000000000000	scratchbird	
DOMAIN	[sb_dom]KEY_SEQUENCE		[sb_dom]KEY_SEQUENCE	618bbdcf-7e42-54d9-a95c-9409b670acaa	00000000-0000-0000-0000-000000000000	00000000-0000-0000-0000-000000000000	scratchbird	
DOMAIN	[sb_dom]KEY_SERVER		[sb_dom]KEY_SERVER	bba88eaf-ecb3-5a82-98e9-e70ced92dc5e	00000000-0000-0000-0000-000000000000	00000000-0000-0000-0000-000000000000	scratchbird	
DOMAIN	[sb_dom]KEY_SERVER_INSTANCE		[sb_dom]KEY_SERVER_INSTANCE	d587b32c-797e-5a15-b13f-faf68edf2745	00000000-0000-0000-0000-000000000000	00000000-0000-0000-0000-000000000000	scratchbird	
DOMAIN	[sb_dom]KEY_SERVER_REGISTRY		[sb_dom]KEY_SERVER_REGISTRY	7e8e922b-0673-5e69-9d6f-25e5f8ffb1b5	00000000-0000-0000-0000-000000000000	00000000-0000-0000-0000-000000000000	scratchbird	
DOMAIN	[sb_dom]KEY_SESSION		[sb_dom]KEY_SESSION	10d6d2d6-d267-56dc-b91a-d3cfa9946d05	00000000-0000-0000-0000-000000000000	00000000-0000-0000-0000-000000000000	scratchbird	
DOMAIN	[sb_dom]KEY_SHARD		[sb_dom]KEY_SHARD	4fd1cff4-0ac8-5b4a-b6ce-85e25271b13c	00000000-0000-0000-0000-000000000000	00000000-0000-0000-0000-000000000000	scratchbird	
DOMAIN	[sb_dom]KEY_STATEMENT		[sb_dom]KEY_STATEMENT	e6b29c9f-90ec-5ff2-90ef-973f38bd19f7	00000000-0000-0000-0000-000000000000	00000000-0000-0000-0000-000000000000	scratchbird	
DOMAIN	[sb_dom]KEY_STATISTIC		[sb_dom]KEY_STATISTIC	4cd17112-76cc-5117-a817-2cb17ba44c73	00000000-0000-0000-0000-000000000000	00000000-0000-0000-0000-000000000000	scratchbird	
DOMAIN	[sb_dom]KEY_STATISTICS		[sb_dom]KEY_STATISTICS	c245debd-27e4-59e2-8f7b-bc257ed77132	00000000-0000-0000-0000-000000000000	00000000-0000-0000-0000-000000000000	scratchbird	
DOMAIN	[sb_dom]KEY_SYNONYM		[sb_dom]KEY_SYNONYM	555d540e-ce9e-56f1-a63d-f4c9f1b7fd93	00000000-0000-0000-0000-000000000000	00000000-0000-0000-0000-000000000000	scratchbird	
DOMAIN	[sb_dom]KEY_TABLE		[sb_dom]KEY_TABLE	3456a48b-0f29-5b5a-af03-5c6ceb1e5b09	00000000-0000-0000-0000-000000000000	00000000-0000-0000-0000-000000000000	scratchbird	
DOMAIN	[sb_dom]KEY_TABLESPACE		[sb_dom]KEY_TABLESPACE	ac070181-0102-55a4-be19-c7593b2b3391	00000000-0000-0000-0000-000000000000	00000000-0000-0000-0000-000000000000	scratchbird	
DOMAIN	[sb_dom]KEY_TABLESPACE_FILE		[sb_dom]KEY_TABLESPACE_FILE	f566bfc7-43e5-5f21-ab4e-89c36f0bee08	00000000-0000-0000-0000-000000000000	00000000-0000-0000-0000-000000000000	scratchbird	
DOMAIN	[sb_dom]KEY_TIMEZONE		[sb_dom]KEY_TIMEZONE	6e571541-70d9-5a1c-8ad4-54db9f3c1603	00000000-0000-0000-0000-000000000000	00000000-0000-0000-0000-000000000000	scratchbird	
DOMAIN	[sb_dom]KEY_TRIGGER		[sb_dom]KEY_TRIGGER	19aa6f51-f2d3-5cb1-941c-2306e1fac78b	00000000-0000-0000-0000-000000000000	00000000-0000-0000-0000-000000000000	scratchbird	
DOMAIN	[sb_dom]KEY_TXN		[sb_dom]KEY_TXN	8ae5cd46-0ddd-5342-a0ef-7ec3cc72a897	00000000-0000-0000-0000-000000000000	00000000-0000-0000-0000-000000000000	scratchbird	
DOMAIN	[sb_dom]KEY_UDR		[sb_dom]KEY_UDR	6af84251-b58a-5d10-859a-fae3d5504bb5	00000000-0000-0000-0000-000000000000	00000000-0000-0000-0000-000000000000	scratchbird	
DOMAIN	[sb_dom]KEY_UDR_ENGINE		[sb_dom]KEY_UDR_ENGINE	d17909bc-98aa-5491-8891-d19a6b37cd85	00000000-0000-0000-0000-000000000000	00000000-0000-0000-0000-000000000000	scratchbird	
DOMAIN	[sb_dom]KEY_UDR_MODULE		[sb_dom]KEY_UDR_MODULE	f0e260a8-a38b-5b89-b45b-d3ef316579c8	00000000-0000-0000-0000-000000000000	00000000-0000-0000-0000-000000000000	scratchbird	
DOMAIN	[sb_dom]KEY_USER		[sb_dom]KEY_USER	9dbbf39a-d850-5a23-bdda-b614e3673d2d	00000000-0000-0000-0000-000000000000	00000000-0000-0000-0000-000000000000	scratchbird	
DOMAIN	[sb_dom]KEY_USER_MAPPING		[sb_dom]KEY_USER_MAPPING	a291fd4d-7886-5367-b707-320e9a659c7d	00000000-0000-0000-0000-000000000000	00000000-0000-0000-0000-000000000000	scratchbird	
DOMAIN	[sb_dom]KEY_VIEW		[sb_dom]KEY_VIEW	754fa682-fbd8-599c-86b7-9b850ae75cf0	00000000-0000-0000-0000-000000000000	00000000-0000-0000-0000-000000000000	scratchbird	
DOMAIN	[sb_dom]LINESTRING		[sb_dom]LINESTRING	f250d37c-355b-5c7c-9d5e-3b9c3ae35d64	00000000-0000-0000-0000-000000000000	00000000-0000-0000-0000-000000000000	native	
DOMAIN	[sb_dom]LOB_REF		[sb_dom]LOB_REF	54424f36-970a-528b-ab0d-358a8891d238	00000000-0000-0000-0000-000000000000	00000000-0000-0000-0000-000000000000	native	
DOMAIN	[sb_dom]MACADDR		[sb_dom]MACADDR	cec20fb9-3a31-5edf-87ee-d13aed2f3228	00000000-0000-0000-0000-000000000000	00000000-0000-0000-0000-000000000000	native	
DOMAIN	[sb_dom]MACADDR8		[sb_dom]MACADDR8	3b2a14fc-1eaa-555c-8d14-75442e8ce836	00000000-0000-0000-0000-000000000000	00000000-0000-0000-0000-000000000000	native	
DOMAIN	[sb_dom]MONEY		[sb_dom]MONEY	3a183f04-532a-5eea-9ae5-a50dfc6e09e1	00000000-0000-0000-0000-000000000000	00000000-0000-0000-0000-000000000000	native	
DOMAIN	[sb_dom]MULTILINESTRING		[sb_dom]MULTILINESTRING	ffe4ec14-79ac-59d0-8bf1-81d68f3f699c	00000000-0000-0000-0000-000000000000	00000000-0000-0000-0000-000000000000	native	
DOMAIN	[sb_dom]MULTIPOINT		[sb_dom]MULTIPOINT	9cc8b607-c378-52be-8868-1c3338081fe1	00000000-0000-0000-0000-000000000000	00000000-0000-0000-0000-000000000000	native	
DOMAIN	[sb_dom]MULTIPOLYGON		[sb_dom]MULTIPOLYGON	df8afe35-893a-56de-bc52-a9672f6c639b	00000000-0000-0000-0000-000000000000	00000000-0000-0000-0000-000000000000	native	
DOMAIN	[sb_dom]NAME		[sb_dom]NAME	2bf3f7af-8013-5cd2-8a2a-13bb138954ed	00000000-0000-0000-0000-000000000000	00000000-0000-0000-0000-000000000000	native	
DOMAIN	[sb_dom]NAME_1024		[sb_dom]NAME_1024	7da907e2-e016-51a4-b990-ad082b5164bf	00000000-0000-0000-0000-000000000000	00000000-0000-0000-0000-000000000000	native	
DOMAIN	[sb_dom]NAME_256		[sb_dom]NAME_256	842bbdf5-f022-5360-a1e4-89868843aa22	00000000-0000-0000-0000-000000000000	00000000-0000-0000-0000-000000000000	native	
DOMAIN	[sb_dom]NAME_512		[sb_dom]NAME_512	94999f72-1589-5fe6-b430-1c0993be56a0	00000000-0000-0000-0000-000000000000	00000000-0000-0000-0000-000000000000	native	
DOMAIN	[sb_dom]NAME_64		[sb_dom]NAME_64	f5af0ad8-88a8-59f1-a038-79fc0394acfa	00000000-0000-0000-0000-000000000000	00000000-0000-0000-0000-000000000000	native	
DOMAIN	[sb_dom]OBJTYPE		[sb_dom]OBJTYPE	e83c23b1-01e8-5a92-8db7-cdb564888e82	00000000-0000-0000-0000-000000000000	00000000-0000-0000-0000-000000000000	native	
DOMAIN	[sb_dom]PAGE_ID		[sb_dom]PAGE_ID	19263171-24bd-5668-8f16-a94181eceb61	00000000-0000-0000-0000-000000000000	00000000-0000-0000-0000-000000000000	native	
DOMAIN	[sb_dom]PERMISSIONS_MASK		[sb_dom]PERMISSIONS_MASK	dbb5b8b6-2f90-5173-abad-ac096258f105	00000000-0000-0000-0000-000000000000	00000000-0000-0000-0000-000000000000	native	
DOMAIN	[sb_dom]POINT		[sb_dom]POINT	6e09c2af-8963-518f-a9c9-e6ce0c055a0b	00000000-0000-0000-0000-000000000000	00000000-0000-0000-0000-000000000000	native	
DOMAIN	[sb_dom]POLICY_TYPE		[sb_dom]POLICY_TYPE	f4572ed8-5f65-5390-af2f-4b998a2a3b99	00000000-0000-0000-0000-000000000000	00000000-0000-0000-0000-000000000000	native	
DOMAIN	[sb_dom]POLYGON		[sb_dom]POLYGON	cad4a362-1b53-5dab-8ba2-c5dd4c3db078	00000000-0000-0000-0000-000000000000	00000000-0000-0000-0000-000000000000	native	
DOMAIN	[sb_dom]RANGE_DATE		[sb_dom]RANGE_DATE	19ed02ea-b807-5cd0-bb7a-f06266affc72	00000000-0000-0000-0000-000000000000	00000000-0000-0000-0000-000000000000	native	
DOMAIN	[sb_dom]RANGE_INT4		[sb_dom]RANGE_INT4	0586a481-ccc9-5441-b55b-ed24927410cb	00000000-0000-0000-0000-000000000000	00000000-0000-0000-0000-000000000000	native	
DOMAIN	[sb_dom]RANGE_INT8		[sb_dom]RANGE_INT8	9e7e8ec8-0b65-5ed9-8e95-1867d91474f2	00000000-0000-0000-0000-000000000000	00000000-0000-0000-0000-000000000000	native	
DOMAIN	[sb_dom]RANGE_NUM		[sb_dom]RANGE_NUM	290b96aa-0b9e-5ece-b719-94a0a4689fda	00000000-0000-0000-0000-000000000000	00000000-0000-0000-0000-000000000000	native	
DOMAIN	[sb_dom]RANGE_TS		[sb_dom]RANGE_TS	d3f4e643-7c22-5dc6-a9c2-cf351d426dbe	00000000-0000-0000-0000-000000000000	00000000-0000-0000-0000-000000000000	native	
DOMAIN	[sb_dom]RANGE_TSTZ		[sb_dom]RANGE_TSTZ	ca235793-f79f-5c11-bc4b-4563f929f59e	00000000-0000-0000-0000-000000000000	00000000-0000-0000-0000-000000000000	native	
DOMAIN	[sb_dom]ROW		[sb_dom]ROW	a9c564f0-a7f9-552f-9214-fe3157431563	00000000-0000-0000-0000-000000000000	00000000-0000-0000-0000-000000000000	native	
DOMAIN	[sb_dom]SCHEMA_TYPE		[sb_dom]SCHEMA_TYPE	6846c901-b43f-53ad-b5a5-f0bde4062cb4	00000000-0000-0000-0000-000000000000	00000000-0000-0000-0000-000000000000	native	
DOMAIN	[sb_dom]SECURITY_FLAGS		[sb_dom]SECURITY_FLAGS	664609a5-9227-5c38-8014-f6a779095618	00000000-0000-0000-0000-000000000000	00000000-0000-0000-0000-000000000000	native	
DOMAIN	[sb_dom]SET		[sb_dom]SET	a94a8a29-d8dc-53fc-bc40-616e93817cbe	00000000-0000-0000-0000-000000000000	00000000-0000-0000-0000-000000000000	native	
DOMAIN	[sb_dom]SQLSTATE		[sb_dom]SQLSTATE	df3e0519-bd6d-5a9b-809b-1dcfecd5646a	00000000-0000-0000-0000-000000000000	00000000-0000-0000-0000-000000000000	native	
DOMAIN	[sb_dom]TABLE_TYPE		[sb_dom]TABLE_TYPE	6891c98f-39a8-5e12-a0dd-d2a967166da8	00000000-0000-0000-0000-000000000000	00000000-0000-0000-0000-000000000000	native	
DOMAIN	[sb_dom]TEXT		[sb_dom]TEXT	be985537-4535-51ab-9bc3-7272f7956f4f	00000000-0000-0000-0000-000000000000	00000000-0000-0000-0000-000000000000	native	
DOMAIN	[sb_dom]TIME		[sb_dom]TIME	8a3fd7ff-bf8c-58a8-b836-f91aaad6be9b	00000000-0000-0000-0000-000000000000	00000000-0000-0000-0000-000000000000	native	
DOMAIN	[sb_dom]TIMESTAMP		[sb_dom]TIMESTAMP	2a19b0ee-92d8-503a-b832-45145f3deb9c	00000000-0000-0000-0000-000000000000	00000000-0000-0000-0000-000000000000	native	
DOMAIN	[sb_dom]TIMESTAMPTZ		[sb_dom]TIMESTAMPTZ	db2b07f1-9936-5cc6-b2cc-34733f74c0d2	00000000-0000-0000-0000-000000000000	00000000-0000-0000-0000-000000000000	native	
DOMAIN	[sb_dom]TIME_TZ		[sb_dom]TIME_TZ	4d84ce67-0b72-57bf-9241-c8c42abeea83	00000000-0000-0000-0000-000000000000	00000000-0000-0000-0000-000000000000	native	
DOMAIN	[sb_dom]TIME_US		[sb_dom]TIME_US	75b407d0-ee70-5e64-a6fb-9e914a332b0e	00000000-0000-0000-0000-000000000000	00000000-0000-0000-0000-000000000000	native	
DOMAIN	[sb_dom]TSQUERY		[sb_dom]TSQUERY	a76f4297-8f8b-5f7b-a467-e6f81f1af8e4	00000000-0000-0000-0000-000000000000	00000000-0000-0000-0000-000000000000	native	
DOMAIN	[sb_dom]TSVECTOR		[sb_dom]TSVECTOR	c6e7d4c9-7dc9-55b7-bce9-3614b0ebe01f	00000000-0000-0000-0000-000000000000	00000000-0000-0000-0000-000000000000	native	
DOMAIN	[sb_dom]U128		[sb_dom]U128	662857d9-dd8a-53cc-b1ee-fcd4bcc90851	00000000-0000-0000-0000-000000000000	00000000-0000-0000-0000-000000000000	native	
DOMAIN	[sb_dom]U16		[sb_dom]U16	3a55a2ab-98d0-586f-9973-acf123c3afc9	00000000-0000-0000-0000-000000000000	00000000-0000-0000-0000-000000000000	native	
DOMAIN	[sb_dom]U32		[sb_dom]U32	6656d09e-33fa-50e2-984f-c418c7ddb4d3	00000000-0000-0000-0000-000000000000	00000000-0000-0000-0000-000000000000	native	
DOMAIN	[sb_dom]U64		[sb_dom]U64	a9c5a31c-9ff8-5fa3-8e7c-22e6ac2f75dd	00000000-0000-0000-0000-000000000000	00000000-0000-0000-0000-000000000000	native	
DOMAIN	[sb_dom]U8		[sb_dom]U8	e315decc-0fec-5539-8702-f6e8ad6f797d	00000000-0000-0000-0000-000000000000	00000000-0000-0000-0000-000000000000	native	
DOMAIN	[sb_dom]UUID_V7		[sb_dom]UUID_V7	c7144f15-062e-5e9b-8a71-d062106821d2	00000000-0000-0000-0000-000000000000	00000000-0000-0000-0000-000000000000	native	
DOMAIN	[sb_dom]VARBINARY		[sb_dom]VARBINARY	ef1314a5-ab2a-5dbd-b292-117cb7137fb4	00000000-0000-0000-0000-000000000000	00000000-0000-0000-0000-000000000000	native	
DOMAIN	[sb_dom]VARIANT		[sb_dom]VARIANT	2563c4b5-fec4-5f17-9195-748b77aa1f56	00000000-0000-0000-0000-000000000000	00000000-0000-0000-0000-000000000000	native	
DOMAIN	[sb_dom]VECTOR		[sb_dom]VECTOR	e74fa207-9cf6-5755-8f46-903861d40640	00000000-0000-0000-0000-000000000000	00000000-0000-0000-0000-000000000000	native	
DOMAIN	[sb_dom]XML		[sb_dom]XML	7054bd96-ff76-5a3e-86a1-2c590ffcd001	00000000-0000-0000-0000-000000000000	00000000-0000-0000-0000-000000000000	native	
DOMAIN	[sb_dom]YEAR		[sb_dom]YEAR	cb1a21b0-7e49-5d0d-80d9-f47821ee7f67	00000000-0000-0000-0000-000000000000	00000000-0000-0000-0000-000000000000	native	
DOMAIN	[sb_dom]cat_blob_binary		[sb_dom]cat_blob_binary	8a550500-1c27-50ef-a53c-22c5a77be782	00000000-0000-0000-0000-000000000000	00000000-0000-0000-0000-000000000000	native	
DOMAIN	[sb_dom]cat_blob_blr		[sb_dom]cat_blob_blr	5d6a8a7c-1a4f-5e4f-b135-f7e21c05e67b	00000000-0000-0000-0000-000000000000	00000000-0000-0000-0000-000000000000	native	
DOMAIN	[sb_dom]cat_blob_text		[sb_dom]cat_blob_text	4bd1aade-9133-5f27-9eef-ae6f20f59ce9	00000000-0000-0000-0000-000000000000	00000000-0000-0000-0000-000000000000	native	
DOMAIN	[sb_dom]cat_bool		[sb_dom]cat_bool	3bb0dfa7-dbe5-567e-ab5d-9e9cc66600f1	00000000-0000-0000-0000-000000000000	00000000-0000-0000-0000-000000000000	native	
DOMAIN	[sb_dom]cat_bytes_u64		[sb_dom]cat_bytes_u64	b38da9ad-6719-53f4-9781-a23344769258	00000000-0000-0000-0000-000000000000	00000000-0000-0000-0000-000000000000	native	
DOMAIN	[sb_dom]cat_column_name		[sb_dom]cat_column_name	f46060be-dc93-5de6-9eba-59c827b854bc	00000000-0000-0000-0000-000000000000	00000000-0000-0000-0000-000000000000	native	
DOMAIN	[sb_dom]cat_comment_text		[sb_dom]cat_comment_text	7baed73f-32dd-5423-a7c8-9c9d36b3d8c7	00000000-0000-0000-0000-000000000000	00000000-0000-0000-0000-000000000000	native	
DOMAIN	[sb_dom]cat_constraint_name		[sb_dom]cat_constraint_name	67f616cc-7d1d-5b55-8d06-1fa839322752	00000000-0000-0000-0000-000000000000	00000000-0000-0000-0000-000000000000	native	
DOMAIN	[sb_dom]cat_count_u64		[sb_dom]cat_count_u64	cf17bd99-7f82-5982-aa29-07c186d45645	00000000-0000-0000-0000-000000000000	00000000-0000-0000-0000-000000000000	native	
DOMAIN	[sb_dom]cat_database_name		[sb_dom]cat_database_name	9e89b2ed-8429-5c3c-bf24-6e9a674052d2	00000000-0000-0000-0000-000000000000	00000000-0000-0000-0000-000000000000	native	
DOMAIN	[sb_dom]cat_duration_ms		[sb_dom]cat_duration_ms	935ad9f3-e0b7-58ad-8c06-20e8e0f04535	00000000-0000-0000-0000-000000000000	00000000-0000-0000-0000-000000000000	native	
DOMAIN	[sb_dom]cat_f32		[sb_dom]cat_f32	3a484d16-d69d-53e4-9df3-3e868221d1a7	00000000-0000-0000-0000-000000000000	00000000-0000-0000-0000-000000000000	native	
DOMAIN	[sb_dom]cat_f64		[sb_dom]cat_f64	aa5f3e50-0368-5642-8d3e-a91fdaa8d8c3	00000000-0000-0000-0000-000000000000	00000000-0000-0000-0000-000000000000	native	
DOMAIN	[sb_dom]cat_file_path		[sb_dom]cat_file_path	044dbf99-3bcf-5627-a6e2-4daaa2bbce70	00000000-0000-0000-0000-000000000000	00000000-0000-0000-0000-000000000000	native	
DOMAIN	[sb_dom]cat_hash32		[sb_dom]cat_hash32	16ec2639-3c96-556b-9f2c-53535e43c598	00000000-0000-0000-0000-000000000000	00000000-0000-0000-0000-000000000000	native	
DOMAIN	[sb_dom]cat_host_name		[sb_dom]cat_host_name	2f16a601-8da0-5db0-b5b4-5611bf30a6d3	00000000-0000-0000-0000-000000000000	00000000-0000-0000-0000-000000000000	native	
DOMAIN	[sb_dom]cat_identifier		[sb_dom]cat_identifier	e990397d-0a51-58e7-9f77-249152f4f4b2	00000000-0000-0000-0000-000000000000	00000000-0000-0000-0000-000000000000	native	
DOMAIN	[sb_dom]cat_index_name		[sb_dom]cat_index_name	380ab81d-f18a-5a46-8d6f-b091d1f1bc2e	00000000-0000-0000-0000-000000000000	00000000-0000-0000-0000-000000000000	native	
DOMAIN	[sb_dom]cat_int16		[sb_dom]cat_int16	2028a0b4-97c3-5660-960e-214504711896	00000000-0000-0000-0000-000000000000	00000000-0000-0000-0000-000000000000	native	
DOMAIN	[sb_dom]cat_int32		[sb_dom]cat_int32	ca50645d-ce9f-5613-a09f-4f6f6c0221fb	00000000-0000-0000-0000-000000000000	00000000-0000-0000-0000-000000000000	native	
DOMAIN	[sb_dom]cat_int64		[sb_dom]cat_int64	05cfc761-3f67-5fdd-a758-197a81a863f5	00000000-0000-0000-0000-000000000000	00000000-0000-0000-0000-000000000000	native	
DOMAIN	[sb_dom]cat_interval_ms		[sb_dom]cat_interval_ms	e78f3265-1e56-575e-9cae-e0dc3be4c9c1	00000000-0000-0000-0000-000000000000	00000000-0000-0000-0000-000000000000	native	
DOMAIN	[sb_dom]cat_job_name		[sb_dom]cat_job_name	1336b1c4-0366-5f62-b031-940e0eaf184d	00000000-0000-0000-0000-000000000000	00000000-0000-0000-0000-000000000000	native	
DOMAIN	[sb_dom]cat_json		[sb_dom]cat_json	6a7c5dee-e88e-5f36-8429-649856ba5fb6	00000000-0000-0000-0000-000000000000	00000000-0000-0000-0000-000000000000	native	
DOMAIN	[sb_dom]cat_language_code		[sb_dom]cat_language_code	8c7f4c7f-2b6a-524e-88cb-3fcc42c08403	00000000-0000-0000-0000-000000000000	00000000-0000-0000-0000-000000000000	native	
DOMAIN	[sb_dom]cat_object_name		[sb_dom]cat_object_name	ac212f9f-b9ba-5e85-9eff-89f6201f2eb5	00000000-0000-0000-0000-000000000000	00000000-0000-0000-0000-000000000000	native	
DOMAIN	[sb_dom]cat_percent_u8		[sb_dom]cat_percent_u8	83fd0179-947f-5b75-822f-69195993306d	00000000-0000-0000-0000-000000000000	00000000-0000-0000-0000-000000000000	native	
DOMAIN	[sb_dom]cat_policy_name		[sb_dom]cat_policy_name	9fbc04f0-27ec-55de-bf5d-232352fdc14f	00000000-0000-0000-0000-000000000000	00000000-0000-0000-0000-000000000000	native	
DOMAIN	[sb_dom]cat_port_u16		[sb_dom]cat_port_u16	fb2d6017-9357-5c80-93c5-ad67a67bf4a4	00000000-0000-0000-0000-000000000000	00000000-0000-0000-0000-000000000000	native	
DOMAIN	[sb_dom]cat_priority_u8		[sb_dom]cat_priority_u8	62d7ec0e-c774-5abd-8d08-f7370236da87	00000000-0000-0000-0000-000000000000	00000000-0000-0000-0000-000000000000	native	
DOMAIN	[sb_dom]cat_role_name		[sb_dom]cat_role_name	f73e76a0-842b-5c15-a8f3-58366588a34a	00000000-0000-0000-0000-000000000000	00000000-0000-0000-0000-000000000000	native	
DOMAIN	[sb_dom]cat_schema_name		[sb_dom]cat_schema_name	8692a969-1587-51d3-bbfe-c19992acffef	00000000-0000-0000-0000-000000000000	00000000-0000-0000-0000-000000000000	native	
DOMAIN	[sb_dom]cat_schema_path		[sb_dom]cat_schema_path	e2c17f20-8bdd-5a24-aac8-74941093aec9	00000000-0000-0000-0000-000000000000	00000000-0000-0000-0000-000000000000	native	
DOMAIN	[sb_dom]cat_service_name		[sb_dom]cat_service_name	768b5e2b-4334-51f0-958a-f55e4b61b0dd	00000000-0000-0000-0000-000000000000	00000000-0000-0000-0000-000000000000	native	
DOMAIN	[sb_dom]cat_sql_text		[sb_dom]cat_sql_text	3f6763df-8311-54cc-8271-79dd277f244f	00000000-0000-0000-0000-000000000000	00000000-0000-0000-0000-000000000000	native	
DOMAIN	[sb_dom]cat_text		[sb_dom]cat_text	5e97e03d-976a-5fd8-acd6-f88aaf51c171	00000000-0000-0000-0000-000000000000	00000000-0000-0000-0000-000000000000	native	
DOMAIN	[sb_dom]cat_timestamp		[sb_dom]cat_timestamp	ae32a2c7-cfd6-54d4-8de3-734955a3c8a2	00000000-0000-0000-0000-000000000000	00000000-0000-0000-0000-000000000000	native	
DOMAIN	[sb_dom]cat_txid		[sb_dom]cat_txid	f1544625-1812-561e-a3ec-9c1a3862395d	00000000-0000-0000-0000-000000000000	00000000-0000-0000-0000-000000000000	native	
DOMAIN	[sb_dom]cat_uint16		[sb_dom]cat_uint16	42e22b3f-27a5-514c-91fd-affda244ef5d	00000000-0000-0000-0000-000000000000	00000000-0000-0000-0000-000000000000	native	
DOMAIN	[sb_dom]cat_uint32		[sb_dom]cat_uint32	8acef8d8-7f1c-5ad4-97d0-3d4f0dd9fc60	00000000-0000-0000-0000-000000000000	00000000-0000-0000-0000-000000000000	native	
DOMAIN	[sb_dom]cat_uint64		[sb_dom]cat_uint64	c7d63675-1d83-5042-af3d-7926d1a93e10	00000000-0000-0000-0000-000000000000	00000000-0000-0000-0000-000000000000	native	
DOMAIN	[sb_dom]cat_uint8		[sb_dom]cat_uint8	53b3be6f-2b68-5816-a7df-2a992db5e415	00000000-0000-0000-0000-000000000000	00000000-0000-0000-0000-000000000000	native	
DOMAIN	[sb_dom]cat_user_name		[sb_dom]cat_user_name	463665d8-c445-5ec2-815e-2fb180b49996	00000000-0000-0000-0000-000000000000	00000000-0000-0000-0000-000000000000	native	
DOMAIN	[sb_dom]cat_uuid		[sb_dom]cat_uuid	d3e78606-f642-5c09-a7c6-f05d87bd5e73	00000000-0000-0000-0000-000000000000	00000000-0000-0000-0000-000000000000	native	
DOMAIN	[sb_dom]cat_version_u64		[sb_dom]cat_version_u64	ffbc5127-67e2-552c-b87e-730696c58af3	00000000-0000-0000-0000-000000000000	00000000-0000-0000-0000-000000000000	native	
DOMAIN	[sb_dom]cat_weight_u8		[sb_dom]cat_weight_u8	c8065435-1a8d-5517-8615-42708f3b35d0	00000000-0000-0000-0000-000000000000	00000000-0000-0000-0000-000000000000	native	
DOMAIN	[sb_dom]completion_field		[sb_dom]completion_field	74479799-77e2-4e99-b7a1-f9b30ef02bdb	00000000-0000-0000-0000-000000000000	00000000-0000-0000-0000-000000000000	native	
DOMAIN	[sb_dom]decimal256		[sb_dom]decimal256	093134f5-2748-4b95-b7cc-721d132f310a	00000000-0000-0000-0000-000000000000	00000000-0000-0000-0000-000000000000	native	
DOMAIN	[sb_dom]dict_encoded		[sb_dom]dict_encoded	6f6bdd17-9d63-40f0-b3ca-d6a387539adc	00000000-0000-0000-0000-000000000000	00000000-0000-0000-0000-000000000000	native	
DOMAIN	[sb_dom]flat_object		[sb_dom]flat_object	9396ddda-9bf6-4945-bde4-c5cafcc21133	00000000-0000-0000-0000-000000000000	00000000-0000-0000-0000-000000000000	native	
DOMAIN	[sb_dom]int256		[sb_dom]int256	7e3c5b92-e792-421a-908f-276f1f20d7cb	00000000-0000-0000-0000-000000000000	00000000-0000-0000-0000-000000000000	native	
DOMAIN	[sb_dom]prefix_search_field		[sb_dom]prefix_search_field	b43346c2-3ef1-4d06-97d9-be5731a22801	00000000-0000-0000-0000-000000000000	00000000-0000-0000-0000-000000000000	native	
DOMAIN	[sb_dom]tagged_union		[sb_dom]tagged_union	3d27c108-ad18-4359-a2c3-296d3e49c440	00000000-0000-0000-0000-000000000000	00000000-0000-0000-0000-000000000000	native	
DOMAIN	[sb_dom]timestamp_ns		[sb_dom]timestamp_ns	56c44fe0-43fc-421c-9906-b4c544a23c6d	00000000-0000-0000-0000-000000000000	00000000-0000-0000-0000-000000000000	native	
DOMAIN	[sb_dom]uint256		[sb_dom]uint256	51931dbe-bab9-4426-8d1a-cb194afe9c42	00000000-0000-0000-0000-000000000000	00000000-0000-0000-0000-000000000000	native	
DOMAIN	[sb_dom]uuid_v7_internal		[sb_dom]uuid_v7_internal	0ae006a9-a092-5d2b-8df3-f77aefae1fde	00000000-0000-0000-0000-000000000000	00000000-0000-0000-0000-000000000000	native	
DOMAIN	[sb_mil_dom]string		[sb_mil_dom]string	e74a76c3-69a9-5b0e-8e51-669bc7340f7d	00000000-0000-0000-0000-000000000000	00000000-0000-0000-0000-000000000000	milvus	
DOMAIN	[sb_mongo_dom]array		[sb_mongo_dom]array	c0816c3b-c6fd-52af-8d29-75851a111954	00000000-0000-0000-0000-000000000000	00000000-0000-0000-0000-000000000000	mongodb	
DOMAIN	[sb_mongo_dom]bin_data		[sb_mongo_dom]bin_data	31e86b78-1aa4-5605-84e7-7a63634f7759	00000000-0000-0000-0000-000000000000	00000000-0000-0000-0000-000000000000	mongodb	
DOMAIN	[sb_mongo_dom]dbpointer		[sb_mongo_dom]dbpointer	b0dd2ab8-089f-5623-91a5-badeeff93324	00000000-0000-0000-0000-000000000000	00000000-0000-0000-0000-000000000000	mongodb	
DOMAIN	[sb_mongo_dom]javascript		[sb_mongo_dom]javascript	a9eced5e-b654-55e2-b9a5-87298dde9af5	00000000-0000-0000-0000-000000000000	00000000-0000-0000-0000-000000000000	mongodb	
DOMAIN	[sb_mongo_dom]javascript_scope		[sb_mongo_dom]javascript_scope	86590e49-08b9-50dd-b6d2-812c450bb51d	00000000-0000-0000-0000-000000000000	00000000-0000-0000-0000-000000000000	mongodb	
DOMAIN	[sb_mongo_dom]maxkey		[sb_mongo_dom]maxkey	d4b031bd-41e2-5478-80db-e0f1a9480d49	00000000-0000-0000-0000-000000000000	00000000-0000-0000-0000-000000000000	mongodb	
DOMAIN	[sb_mongo_dom]minkey		[sb_mongo_dom]minkey	d91d0041-b32b-51c1-a668-c43755659b5b	00000000-0000-0000-0000-000000000000	00000000-0000-0000-0000-000000000000	mongodb	
DOMAIN	[sb_mongo_dom]null		[sb_mongo_dom]null	9f586258-aae8-55b9-ab14-f38afb47376b	00000000-0000-0000-0000-000000000000	00000000-0000-0000-0000-000000000000	mongodb	
DOMAIN	[sb_mongo_dom]objectid		[sb_mongo_dom]objectid	74701502-77f0-5a44-865e-3471fdde8195	00000000-0000-0000-0000-000000000000	00000000-0000-0000-0000-000000000000	mongodb	
DOMAIN	[sb_mongo_dom]regex		[sb_mongo_dom]regex	538cfb31-536a-5626-83b6-62085a746f85	00000000-0000-0000-0000-000000000000	00000000-0000-0000-0000-000000000000	mongodb	
DOMAIN	[sb_mongo_dom]symbol		[sb_mongo_dom]symbol	c4678391-b32b-5903-80d3-da693f5eabe8	00000000-0000-0000-0000-000000000000	00000000-0000-0000-0000-000000000000	mongodb	
DOMAIN	[sb_mongo_dom]timestamp		[sb_mongo_dom]timestamp	90cc1d7e-6b95-5854-af14-74c5074475ac	00000000-0000-0000-0000-000000000000	00000000-0000-0000-0000-000000000000	mongodb	
DOMAIN	[sb_mongo_dom]undefined		[sb_mongo_dom]undefined	6096b1d4-398b-5803-82e6-c659552adff1	00000000-0000-0000-0000-000000000000	00000000-0000-0000-0000-000000000000	mongodb	
DOMAIN	[sb_my_dom]blob		[sb_my_dom]blob	7f36c114-5284-5ae5-ae65-30fc0b6456a4	00000000-0000-0000-0000-000000000000	00000000-0000-0000-0000-000000000000	mysql	
DOMAIN	[sb_my_dom]bool		[sb_my_dom]bool	cea20fb7-6a32-564d-985e-c0e6b9624e3b	00000000-0000-0000-0000-000000000000	00000000-0000-0000-0000-000000000000	mysql	
DOMAIN	[sb_my_dom]longblob		[sb_my_dom]longblob	03759f36-0087-59cb-8647-518afbc92665	00000000-0000-0000-0000-000000000000	00000000-0000-0000-0000-000000000000	mysql	
DOMAIN	[sb_my_dom]longtext		[sb_my_dom]longtext	f53dabe6-c3b3-5367-90d5-6d97ce92c506	00000000-0000-0000-0000-000000000000	00000000-0000-0000-0000-000000000000	mysql	
DOMAIN	[sb_my_dom]mediumblob		[sb_my_dom]mediumblob	bbd45f83-9148-53ee-9b00-16473da9db5a	00000000-0000-0000-0000-000000000000	00000000-0000-0000-0000-000000000000	mysql	
DOMAIN	[sb_my_dom]mediumint_signed		[sb_my_dom]mediumint_signed	c804513d-2c2f-5f8f-ae7a-270630769bc6	00000000-0000-0000-0000-000000000000	00000000-0000-0000-0000-000000000000	mysql	
DOMAIN	[sb_my_dom]mediumint_unsigned		[sb_my_dom]mediumint_unsigned	00873e2e-9632-5f55-be28-5c0be624e67a	00000000-0000-0000-0000-000000000000	00000000-0000-0000-0000-000000000000	mysql	
DOMAIN	[sb_my_dom]mediumtext		[sb_my_dom]mediumtext	92e3796e-48d2-5ff2-8933-7de397aa5e0c	00000000-0000-0000-0000-000000000000	00000000-0000-0000-0000-000000000000	mysql	
DOMAIN	[sb_my_dom]text		[sb_my_dom]text	8b4136e2-1488-5c40-84db-6b9061611b40	00000000-0000-0000-0000-000000000000	00000000-0000-0000-0000-000000000000	mysql	
DOMAIN	[sb_my_dom]time_interval		[sb_my_dom]time_interval	1994458d-32c3-5623-975c-dd15932bf38a	00000000-0000-0000-0000-000000000000	00000000-0000-0000-0000-000000000000	mysql	
DOMAIN	[sb_my_dom]tinyblob		[sb_my_dom]tinyblob	6ce35fd1-0e17-5f5a-8f36-2c2a1953bfd4	00000000-0000-0000-0000-000000000000	00000000-0000-0000-0000-000000000000	mysql	
DOMAIN	[sb_my_dom]tinytext		[sb_my_dom]tinytext	6518e1d6-d572-5bfc-935e-dfa8688754ba	00000000-0000-0000-0000-000000000000	00000000-0000-0000-0000-000000000000	mysql	
DOMAIN	[sb_my_dom]year		[sb_my_dom]year	cac88d97-9e87-54a2-bf4a-9a7450193ec5	00000000-0000-0000-0000-000000000000	00000000-0000-0000-0000-000000000000	mysql	
DOMAIN	[sb_pg_dom]bigserial		[sb_pg_dom]bigserial	a32997af-ec5a-5f0e-9748-05368f6a3cbd	00000000-0000-0000-0000-000000000000	00000000-0000-0000-0000-000000000000	postgresql	
DOMAIN	[sb_pg_dom]box		[sb_pg_dom]box	fce50ca3-388a-5eb1-bf18-33666507ef27	00000000-0000-0000-0000-000000000000	00000000-0000-0000-0000-000000000000	postgresql	
DOMAIN	[sb_pg_dom]circle		[sb_pg_dom]circle	79299b05-719a-5342-8d15-4d5a1bb9e1b2	00000000-0000-0000-0000-000000000000	00000000-0000-0000-0000-000000000000	postgresql	
DOMAIN	[sb_pg_dom]line		[sb_pg_dom]line	71e704f7-7f48-562d-9055-f472f167704b	00000000-0000-0000-0000-000000000000	00000000-0000-0000-0000-000000000000	postgresql	
DOMAIN	[sb_pg_dom]lseg		[sb_pg_dom]lseg	b6346a53-16ad-5de7-8a29-2ae81dcf694a	00000000-0000-0000-0000-000000000000	00000000-0000-0000-0000-000000000000	postgresql	
DOMAIN	[sb_pg_dom]money		[sb_pg_dom]money	ddea24f8-21dc-5fd6-99ea-39328ee6a014	00000000-0000-0000-0000-000000000000	00000000-0000-0000-0000-000000000000	postgresql	
DOMAIN	[sb_pg_dom]name		[sb_pg_dom]name	51f10a3e-49ce-510e-95bf-efbe05ca63c1	00000000-0000-0000-0000-000000000000	00000000-0000-0000-0000-000000000000	postgresql	
DOMAIN	[sb_pg_dom]oid		[sb_pg_dom]oid	f031a228-2da7-5be6-8777-30ebb8008005	00000000-0000-0000-0000-000000000000	00000000-0000-0000-0000-000000000000	postgresql	
DOMAIN	[sb_pg_dom]path		[sb_pg_dom]path	dea3dcfe-e493-5f8b-91db-c5dae021db1e	00000000-0000-0000-0000-000000000000	00000000-0000-0000-0000-000000000000	postgresql	
DOMAIN	[sb_pg_dom]pg_lsn		[sb_pg_dom]pg_lsn	ea7b3723-bb9f-554a-90ec-45d44967d0cb	00000000-0000-0000-0000-000000000000	00000000-0000-0000-0000-000000000000	postgresql	
DOMAIN	[sb_pg_dom]regclass		[sb_pg_dom]regclass	55435eac-30ab-5ae0-9fa0-1750aede43aa	00000000-0000-0000-0000-000000000000	00000000-0000-0000-0000-000000000000	postgresql	
DOMAIN	[sb_pg_dom]regcollation		[sb_pg_dom]regcollation	7d50e2c6-98e9-589c-96ff-1e8d42a220a4	00000000-0000-0000-0000-000000000000	00000000-0000-0000-0000-000000000000	postgresql	
DOMAIN	[sb_pg_dom]regconfig		[sb_pg_dom]regconfig	81ae1af2-c20f-5582-9084-571f1e3d9cba	00000000-0000-0000-0000-000000000000	00000000-0000-0000-0000-000000000000	postgresql	
DOMAIN	[sb_pg_dom]regdictionary		[sb_pg_dom]regdictionary	678da646-51d1-539e-96e2-24ce1449fd5e	00000000-0000-0000-0000-000000000000	00000000-0000-0000-0000-000000000000	postgresql	
DOMAIN	[sb_pg_dom]regnamespace		[sb_pg_dom]regnamespace	95c14833-e04f-545b-8fdb-eab68f110139	00000000-0000-0000-0000-000000000000	00000000-0000-0000-0000-000000000000	postgresql	
DOMAIN	[sb_pg_dom]regoper		[sb_pg_dom]regoper	90faed93-ad10-57bd-a8ed-ae726c02c20e	00000000-0000-0000-0000-000000000000	00000000-0000-0000-0000-000000000000	postgresql	
DOMAIN	[sb_pg_dom]regoperator		[sb_pg_dom]regoperator	fe1718b1-4440-5ef6-9089-6473b46a4d4a	00000000-0000-0000-0000-000000000000	00000000-0000-0000-0000-000000000000	postgresql	
DOMAIN	[sb_pg_dom]regproc		[sb_pg_dom]regproc	d00339d0-4539-54ee-8861-b688c687471a	00000000-0000-0000-0000-000000000000	00000000-0000-0000-0000-000000000000	postgresql	
DOMAIN	[sb_pg_dom]regprocedure		[sb_pg_dom]regprocedure	ba41b1cc-f09d-5966-abca-386408dcc072	00000000-0000-0000-0000-000000000000	00000000-0000-0000-0000-000000000000	postgresql	
DOMAIN	[sb_pg_dom]regrole		[sb_pg_dom]regrole	43e4fd66-da17-5fc3-9f06-1791e853e1d4	00000000-0000-0000-0000-000000000000	00000000-0000-0000-0000-000000000000	postgresql	
DOMAIN	[sb_pg_dom]regtype		[sb_pg_dom]regtype	b2af51c6-fe32-5a45-a613-adf0d5e9f076	00000000-0000-0000-0000-000000000000	00000000-0000-0000-0000-000000000000	postgresql	
DOMAIN	[sb_pg_dom]serial		[sb_pg_dom]serial	6f57c40a-8267-5ae1-9ff0-1810af81b78a	00000000-0000-0000-0000-000000000000	00000000-0000-0000-0000-000000000000	postgresql	
DOMAIN	[sb_pg_dom]smallserial		[sb_pg_dom]smallserial	f9a6c2d0-00a2-5152-898f-31ebdacdcc43	00000000-0000-0000-0000-000000000000	00000000-0000-0000-0000-000000000000	postgresql	
DOMAIN	[sb_pg_dom]xid		[sb_pg_dom]xid	16fd907c-f674-5468-b9d2-bd6aa87a9044	00000000-0000-0000-0000-000000000000	00000000-0000-0000-0000-000000000000	postgresql	
DOMAIN	[sb_pg_dom]xid8		[sb_pg_dom]xid8	5bfced4d-2120-55e6-b5ff-a1fb39154e1e	00000000-0000-0000-0000-000000000000	00000000-0000-0000-0000-000000000000	postgresql	
DOMAIN	[sb_redis_dom]bitmap		[sb_redis_dom]bitmap	3ffbc569-024b-509d-9577-40eb1bb43466	00000000-0000-0000-0000-000000000000	00000000-0000-0000-0000-000000000000	redis	
DOMAIN	[sb_redis_dom]geo		[sb_redis_dom]geo	b76cfa48-66c3-5166-9a0e-aff664c88c86	00000000-0000-0000-0000-000000000000	00000000-0000-0000-0000-000000000000	redis	
DOMAIN	[sb_redis_dom]hash		[sb_redis_dom]hash	96c94010-c672-5041-b4ef-8a2bae2113e6	00000000-0000-0000-0000-000000000000	00000000-0000-0000-0000-000000000000	redis	
DOMAIN	[sb_redis_dom]hll		[sb_redis_dom]hll	b65766ba-d217-5141-8bfa-06d7544a80e2	00000000-0000-0000-0000-000000000000	00000000-0000-0000-0000-000000000000	redis	
DOMAIN	[sb_redis_dom]list		[sb_redis_dom]list	86510c1d-d2c1-520a-b816-1255deaba9f2	00000000-0000-0000-0000-000000000000	00000000-0000-0000-0000-000000000000	redis	
DOMAIN	[sb_redis_dom]set		[sb_redis_dom]set	ad5e5257-b57e-57bd-ad0d-10bad1458d9e	00000000-0000-0000-0000-000000000000	00000000-0000-0000-0000-000000000000	redis	
DOMAIN	[sb_redis_dom]stream		[sb_redis_dom]stream	96ba4d01-d6a0-539f-b22a-d32fe5ae79d5	00000000-0000-0000-0000-000000000000	00000000-0000-0000-0000-000000000000	redis	
DOMAIN	[sb_redis_dom]zset		[sb_redis_dom]zset	e96b9184-7934-520b-9b33-355102b3dbc5	00000000-0000-0000-0000-000000000000	00000000-0000-0000-0000-000000000000	redis	
SCHEMA	cluster	cluster	cluster	019d3778-98cf-75b3-95bf-de0541e3fc85	019d3778-98cf-75b3-95bf-de0541e3fc85	00000000-0000-0000-0000-000000000000		
SCHEMA	connections	connections	connections	019d3778-98cf-7a73-b9ba-9d1ce42f2820	019d3778-98cf-7a73-b9ba-9d1ce42f2820	00000000-0000-0000-0000-000000000000		
JOB	daily_sweep		daily_sweep	019d3778-98cf-772f-80b7-c0b4878e9780	00000000-0000-0000-0000-000000000000	00000000-0000-0000-0000-000000000000		
SCHEMA	emulated	emulated	emulated	019d3778-98cf-764c-a263-a662eefb0690	019d3778-98cf-764c-a263-a662eefb0690	00000000-0000-0000-0000-000000000000		
SCHEMA	group	group	group	019d3778-98cf-7faa-8987-0e2f97d5150d	019d3778-98cf-7faa-8987-0e2f97d5150d	00000000-0000-0000-0000-000000000000		
SCHEMA	local	local	local	019d3778-98cf-79c9-b34f-b27edcc854f5	019d3778-98cf-79c9-b34f-b27edcc854f5	00000000-0000-0000-0000-000000000000		
SCHEMA	local.instances	local.instances	instances	019d3778-98cf-71cc-a7c2-eadf27956065	019d3778-98cf-71cc-a7c2-eadf27956065	019d3778-98cf-79c9-b34f-b27edcc854f5		
SCHEMA	local.links	local.links	links	019d3778-98cf-74bb-8c76-a5c062bf413e	019d3778-98cf-74bb-8c76-a5c062bf413e	019d3778-98cf-79c9-b34f-b27edcc854f5		
SCHEMA	nosql	nosql	nosql	019d3778-98cf-7700-ad75-7f30f834872b	019d3778-98cf-7700-ad75-7f30f834872b	00000000-0000-0000-0000-000000000000		
SCHEMA	nosql.cassandra	nosql.cassandra	cassandra	019d3778-98cf-7576-b400-ae48778d13f3	019d3778-98cf-7576-b400-ae48778d13f3	019d3778-98cf-7700-ad75-7f30f834872b		
SCHEMA	nosql.milvus	nosql.milvus	milvus	019d3778-98cf-7c36-b0d8-9d4c0fbb85d5	019d3778-98cf-7c36-b0d8-9d4c0fbb85d5	019d3778-98cf-7700-ad75-7f30f834872b		
SCHEMA	nosql.mongodb	nosql.mongodb	mongodb	019d3778-98cf-7c7c-92e3-2469ac73e9fa	019d3778-98cf-7c7c-92e3-2469ac73e9fa	019d3778-98cf-7700-ad75-7f30f834872b		
SCHEMA	nosql.neo4j	nosql.neo4j	neo4j	019d3778-98cf-7afc-97d0-93dca2621522	019d3778-98cf-7afc-97d0-93dca2621522	019d3778-98cf-7700-ad75-7f30f834872b		
SCHEMA	nosql.redis	nosql.redis	redis	019d3778-98cf-7e1b-801a-6aefe5fbd1ae	019d3778-98cf-7e1b-801a-6aefe5fbd1ae	019d3778-98cf-7700-ad75-7f30f834872b		
SCHEMA	remote	remote	remote	019d3778-98cf-78f7-84d7-3bd33cc13fec	019d3778-98cf-78f7-84d7-3bd33cc13fec	00000000-0000-0000-0000-000000000000		
SCHEMA	remote.emulation	remote.emulation	emulation	019d3778-98cf-770a-a8a2-f337022efe11	019d3778-98cf-770a-a8a2-f337022efe11	019d3778-98cf-78f7-84d7-3bd33cc13fec		
SCHEMA	remote.emulation.cassandra	remote.emulation.cassandra	cassandra	019d3778-98cf-7898-a4b2-2f742e500b3d	019d3778-98cf-7898-a4b2-2f742e500b3d	019d3778-98cf-770a-a8a2-f337022efe11		
SCHEMA	remote.emulation.firebird	remote.emulation.firebird	firebird	019d3778-98cf-7cd7-9aef-6ad5ce3e0f22	019d3778-98cf-7cd7-9aef-6ad5ce3e0f22	019d3778-98cf-770a-a8a2-f337022efe11		
SCHEMA	remote.emulation.milvus	remote.emulation.milvus	milvus	019d3778-98cf-7d9e-8d28-f75040d8aa89	019d3778-98cf-7d9e-8d28-f75040d8aa89	019d3778-98cf-770a-a8a2-f337022efe11		
SCHEMA	remote.emulation.mongodb	remote.emulation.mongodb	mongodb	019d3778-98cf-7bdf-a411-2549d55a873d	019d3778-98cf-7bdf-a411-2549d55a873d	019d3778-98cf-770a-a8a2-f337022efe11		
SCHEMA	remote.emulation.mysql	remote.emulation.mysql	mysql	019d3778-98cf-7bda-8210-3606b6fc9545	019d3778-98cf-7bda-8210-3606b6fc9545	019d3778-98cf-770a-a8a2-f337022efe11		
SCHEMA	remote.emulation.neo4j	remote.emulation.neo4j	neo4j	019d3778-98cf-7de2-967e-0c82a2021a80	019d3778-98cf-7de2-967e-0c82a2021a80	019d3778-98cf-770a-a8a2-f337022efe11		
SCHEMA	remote.emulation.postgresql	remote.emulation.postgresql	postgresql	019d3778-98cf-762f-84e9-c617e595af48	019d3778-98cf-762f-84e9-c617e595af48	019d3778-98cf-770a-a8a2-f337022efe11		
SCHEMA	remote.emulation.redis	remote.emulation.redis	redis	019d3778-98cf-7911-a77f-076627b02ca9	019d3778-98cf-7911-a77f-076627b02ca9	019d3778-98cf-770a-a8a2-f337022efe11		
SCHEMA	remote.fdw	remote.fdw	fdw	019d3778-98cf-7fff-9e92-5a4285bb040e	019d3778-98cf-7fff-9e92-5a4285bb040e	019d3778-98cf-78f7-84d7-3bd33cc13fec		
SCHEMA	remote.links	remote.links	links	019d3778-98cf-75ba-9604-3198a0c15be3	019d3778-98cf-75ba-9604-3198a0c15be3	019d3778-98cf-78f7-84d7-3bd33cc13fec		
SCHEMA	sys	sys	sys	019d3778-98cf-7fbf-ab2e-c001e99b68fe	019d3778-98cf-7fbf-ab2e-c001e99b68fe	00000000-0000-0000-0000-000000000000		
SCHEMA	sys.cluster	sys.cluster	cluster	019d3778-98cf-75bd-86ae-9a26830d74a2	019d3778-98cf-75bd-86ae-9a26830d74a2	019d3778-98cf-7fbf-ab2e-c001e99b68fe		
SCHEMA	sys.connections	sys.connections	connections	019d3778-98cf-75b1-a9e6-7c068eeaa6d3	019d3778-98cf-75b1-a9e6-7c068eeaa6d3	019d3778-98cf-7fbf-ab2e-c001e99b68fe		
SCHEMA	sys.emulation	sys.emulation	emulation	019d3778-98cf-7345-9775-73867f1cc899	019d3778-98cf-7345-9775-73867f1cc899	019d3778-98cf-7fbf-ab2e-c001e99b68fe		
SCHEMA	sys.information	sys.information	information	019d3778-98cf-75ea-835a-7510e60884e9	019d3778-98cf-75ea-835a-7510e60884e9	019d3778-98cf-7fbf-ab2e-c001e99b68fe		
SCHEMA	sys.jobs	sys.jobs	jobs	019d3778-98cf-7d8e-9677-10d41897a578	019d3778-98cf-7d8e-9677-10d41897a578	019d3778-98cf-7fbf-ab2e-c001e99b68fe		
TABLE	sys.sb_toast_019d3778-98c6-71ef-8ac1-251a55acaee7	sys	sb_toast_019d3778-98c6-71ef-8ac1-251a55acaee7	019d3778-98c6-71ef-8ac1-251a55acaee7	019d3778-98cf-7fbf-ab2e-c001e99b68fe	00000000-0000-0000-0000-000000000000		
COLUMN	sys.sb_toast_019d3778-98c6-71ef-8ac1-251a55acaee7.chunk_data	sys	chunk_data	019d3778-98df-7beb-8a49-71f9a0f1a006	019d3778-98cf-7fbf-ab2e-c001e99b68fe	019d3778-98c6-71ef-8ac1-251a55acaee7		
COLUMN	sys.sb_toast_019d3778-98c6-71ef-8ac1-251a55acaee7.chunk_id	sys	chunk_id	019d3778-98df-77f2-b7dd-4f6f7658bc2a	019d3778-98cf-7fbf-ab2e-c001e99b68fe	019d3778-98c6-71ef-8ac1-251a55acaee7		
COLUMN	sys.sb_toast_019d3778-98c6-71ef-8ac1-251a55acaee7.chunk_seq	sys	chunk_seq	019d3778-98df-7587-847b-62e9538a73dc	019d3778-98cf-7fbf-ab2e-c001e99b68fe	019d3778-98c6-71ef-8ac1-251a55acaee7		
INDEX	sys.sb_toast_019d3778-98c6-71ef-8ac1-251a55acaee7.sb_toast_019d3778-98c6-71ef-8ac1-251a55acaee7_idx	sys	sb_toast_019d3778-98c6-71ef-8ac1-251a55acaee7_idx	019d3778-98df-7f62-a7b2-89c7c82f9712	019d3778-98cf-7fbf-ab2e-c001e99b68fe	019d3778-98c6-71ef-8ac1-251a55acaee7		
SCHEMA	sys.schema	sys.schema	schema	019d3778-98cf-711a-8549-0381d818e6c6	019d3778-98cf-711a-8549-0381d818e6c6	019d3778-98cf-7fbf-ab2e-c001e99b68fe		
SCHEMA	sys.security	sys.security	security	019d3778-98cf-7e87-93ca-35ba9e7e3088	019d3778-98cf-7e87-93ca-35ba9e7e3088	019d3778-98cf-7fbf-ab2e-c001e99b68fe		
SCHEMA	sys.security.auth	sys.security.auth	auth	019d3778-98cf-7d65-87d5-d1afa4bbb0d7	019d3778-98cf-7d65-87d5-d1afa4bbb0d7	019d3778-98cf-7e87-93ca-35ba9e7e3088		
SCHEMA	sys.security.groups	sys.security.groups	groups	019d3778-98cf-7928-ba15-51a5ccd77907	019d3778-98cf-7928-ba15-51a5ccd77907	019d3778-98cf-7e87-93ca-35ba9e7e3088		
SCHEMA	sys.security.roles	sys.security.roles	roles	019d3778-98cf-70da-be72-1c42469bc764	019d3778-98cf-70da-be72-1c42469bc764	019d3778-98cf-7e87-93ca-35ba9e7e3088		
SCHEMA	sys.security.users	sys.security.users	users	019d3778-98cf-7545-af58-2f4bb6406f03	019d3778-98cf-7545-af58-2f4bb6406f03	019d3778-98cf-7e87-93ca-35ba9e7e3088		
SCHEMA	sys.system	sys.system	system	019d3778-98cf-7611-ab35-320d4be67d53	019d3778-98cf-7611-ab35-320d4be67d53	019d3778-98cf-7fbf-ab2e-c001e99b68fe		
SCHEMA	users	users	users	019d3778-98cf-76f6-b7fb-b4b6be865ec6	019d3778-98cf-76f6-b7fb-b4b6be865ec6	00000000-0000-0000-0000-000000000000		
SCHEMA	users.app_data	users.app_data	app_data	019d3778-98cf-7510-bac4-86e36048ed18	019d3778-98cf-7510-bac4-86e36048ed18	019d3778-98cf-76f6-b7fb-b4b6be865ec6		
SCHEMA	users.groups	users.groups	groups	019d3778-98cf-760d-98d6-429417aeae67	019d3778-98cf-760d-98d6-429417aeae67	019d3778-98cf-76f6-b7fb-b4b6be865ec6		
SCHEMA	users.public	users.public	public	019d3778-98cf-7011-a1ba-94a9097d6e73	019d3778-98cf-7011-a1ba-94a9097d6e73	019d3778-98cf-76f6-b7fb-b4b6be865ec6		
SCHEMA	users.roles	users.roles	roles	019d3778-98cf-703d-8e37-d16438a87645	019d3778-98cf-703d-8e37-d16438a87645	019d3778-98cf-76f6-b7fb-b4b6be865ec6		
