engine,evidence_basis,client_visible_surface_class,primary_shape,known_formats_or_profiles,reverse_request_mapping_rule,from_runtime_plan_render_strategy,confidence,notes
Apache Ignite,modules/calcite prepare and parser sources,SINGLE_TEXT_CELL,text_plan_in_PLAN_column,TEXT_parser_proven_XML_JSON_DOT_tokens_seen,"Lower donor EXPLAIN syntax to ScratchBird explain profile and return single PLAN cell","Render RuntimePlan into Calcite-like text plan string",high,"Current sampled execution path returns text only"
Cassandra,source_authority_matrix points to statements and ClientState,NOT_PROVEN_FROM_SAMPLED_LOCAL_SOURCE,unknown,unknown,"Do not spec exact donor render until a client-visible explain contract is proved","Follow-up reference work required",low,"Current sample proves planner-related code only"
Citus,distributed planner authority directory,POSTGRESQL_FAMILY_EXTENSION_NOT_SEPARATELY_PROVEN,distributed_planner_extension,postgresql_family_not_separately_sampled,"Treat incoming EXPLAIN as PostgreSQL-family until a separate Citus output layer is proved","Render via PostgreSQL-family tree plus later distributed extensions",medium,"Current local sample did not inspect a dedicated Citus explain serializer"
ClickHouse,src/Interpreters/InterpreterExplainQuery.cpp,MULTI_PROFILE_EXPLAIN_FAMILY,multiple_explain_profiles,AST|QUERY_TREE|PLAN|PIPELINE|ESTIMATES|JSON_option,"Map donor explain kind and options to a ScratchBird render profile family","Render RuntimePlan into per-profile text or JSON views",high,"Explain is a family not a single output"
CockroachDB,pkg/sql/opt/exec/execbuilder/statement.go,TEXT_TREE_OR_MEMO_TEXT,text_tree_and_memo_text,EXPLAIN_OPT|catalog|memo|env,"Lower donor explain mode to text-profile selection","Render RuntimePlan into treeprinter or memo-style text",high,"Current sampled output path is text-oriented"
Dolt,go/libraries/doltcore/sqle/enginetest/dolt_query_plans.go,TEXT_TREE,text_tree,expected_plan_strings,"Lower donor explain to text-tree request","Render RuntimePlan into Dolt-style indented tree text",medium,"Local sample proves expected plan text rather than a rowset contract"
DuckDB,ExplainStatement and ExplainFormat sources,MULTI_FORMAT_STRUCTURED_EXPLAIN,structured_explain_statement,TEXT|JSON|HTML|GRAPHVIZ|YAML|MERMAID,"Map donor EXPLAIN type and format to ScratchBird render profile","Render RuntimePlan into requested format from one canonical tree",high,"Strong fit for profile-driven rendering"
FirebirdSQL,donor plan authorities plus current ScratchBird firebird agent,TEXT_PLAN,text_plan,GET_PLAN|EXPLAIN_PLAN_text,"Lower donor plan request to text-plan surface","Render RuntimePlan or plan_text into Firebird text plan",medium,"Current local ScratchBird path already consumes plan_text"
FoundationDB,fdbcli sampled sources,NOT_PROVEN_FROM_SAMPLED_LOCAL_SOURCE,unknown,unknown,"Do not invent SQL explain behavior","Follow-up reference work required",low,"No stable client-visible plan output proved in sampled local source"
immudb,embedded/sql sampled sources,NOT_PROVEN_FROM_SAMPLED_LOCAL_SOURCE,unknown,unknown,"Do not invent explain shape","Follow-up reference work required",low,"Current sample proves SQL engine internals but not a client explain contract"
InfluxDB,influxdb3_query_executor/src/query_planner.rs,INTERNAL_PLAN_OBJECTS_ONLY,logical_and_physical_plan_objects,internal_planner_only,"Do not spec donor-visible explain shape yet","Possible future renderer over physical plan objects after donor proof exists",medium,"Current sample proves planning objects, not a stable client-visible explain output"
MariaDB,sql/sql_explain.cc authority,MYSQL_FAMILY_ROWSET_OR_HIERARCHICAL,rowset_explain,traditional_and_hierarchical_family,"Lower donor EXPLAIN like MySQL-family syntax","Render RuntimePlan into MariaDB-style rowset or hierarchical output",medium,"Family classification from authority path"
Milvus,internal/proxy sampled plan creation sites,INTERNAL_SERIALIZED_PLAN_ONLY,protobuf_plan_objects,internal_query_plan,"Do not claim user-facing explain contract without stronger donor proof","Potential future renderer over internal plan protobufs if donor contract is defined",medium,"Current sample proves internal plan creation"
MongoDB,src/mongo/db/query/explain.cpp and plan_explainer_impl.cpp,STRUCTURED_BSON_EXPLAIN,bson_or_json_tree,winning_plan|rejected_plans|stats_tree,"Lower donor explain verbosity to object-tree render profile","Render RuntimePlan into BSON/JSON explain documents",high,"Chosen and rejected path data map naturally"
MySQL,sql/opt_explain.cc and opt_explain_format.h,ROWSET_EXPLAIN_WITH_RICH_INTERNALS,traditional_explain_rowset,traditional|hierarchical_internal_family,"Lower donor EXPLAIN syntax to MySQL rowset profile","Render RuntimePlan directly into MySQL EXPLAIN rows",high,"Current ScratchBird adapter still uses text scraping and should be replaced"
Neo4j,community/graphdb-api ExecutionPlanDescription,STRUCTURED_OPERATOR_TREE,operator_tree_with_arguments_and_stats,plan|profile_statistics,"Lower donor EXPLAIN or PROFILE syntax to operator-tree render profile","Render RuntimePlan into operator tree plus profiler statistics",high,"Rows DB hits cache stats and time are explicit"
OpenSearch,ProfileResult and explain-related search sources,STRUCTURED_JSON_TREE,profile_tree_and_explanation_tree,PROFILE|EXPLAIN_JSON,"Lower donor request to explain-vs-profile mode","Render RuntimePlan into query explanation or profile trees",high,"Requires separate modes for explanation vs profiling"
PostgreSQL,src/backend/commands/explain.c,STRUCTURED_TREE_MULTI_FORMAT,grouped_property_tree,TEXT_and_non_text_formats,"Lower donor EXPLAIN options to ScratchBird tree render profile","Render RuntimePlan into PostgreSQL-style grouped explain tree",high,"Property-rich explain family"
Redis,core server sampled source,NOT_PROVEN_FROM_SAMPLED_LOCAL_SOURCE,unknown,unknown,"Do not invent core Redis plan output","Follow-up reference work required",low,"No core SQL optimizer or explain surface proved in sampled server source"
SQLite,reference packet marks donor files missing,EVIDENCE_GAP,missing_local_source,missing_local_source,"No parser plan spec until donor source is present locally","Follow-up reference work required",low,"Explicit local donor gap"
TiDB,pkg/util/plancodec/binary_plan_decode.go,ROWSET_AND_TREE_FROM_ENCODED_PLAN,operator_table_or_tree,Brief|ROW|PlanTree|Verbose,"Lower donor explain format to row or tree profile","Render RuntimePlan and actuals into TiDB operator tables or tree rows",high,"Strong row-oriented analyze surface"
Vitess,go/vt/vtgate/engine/plan_description.go,JSON_PRIMITIVE_TREE,serializable_primitive_tree,JSON_primitive_description,"Lower donor explain to primitive-description profile","Render RuntimePlan into PrimitiveDescription JSON",high,"Tree is already explicitly serializable"
XTDB,xtql plan tests,LOGICAL_FORM_TREE,edn_like_logical_forms,logical_plan_forms,"Lower donor plan request to logical-form profile","Render RuntimePlan or logical rewrite state into XTDB-style structural forms",medium,"Current local proof is through plan tests"
YugabyteDB,src/postgres/src/backend/commands/explain.c,POSTGRESQL_FAMILY_STRUCTURED_TREE,grouped_property_tree,postgresql_family_formats,"Lower donor EXPLAIN as PostgreSQL-family request","Render RuntimePlan into PostgreSQL-family grouped explain tree",high,"Authority is PostgreSQL-derived explain implementation"
